Symbol,Name
FLWS,1-800 FLOWERS.COM
FCTY,1st Century Bancshares
FCCY,1st Constitution Bancorp (NJ)
SRCE,1st Source Corporation
FUBC,1st United Bancorp
VNET,21Vianet Group
JOBS,51job
EGHT,8x8 Inc
AVHI,A V Homes
SHLM,A. Schulman
AAON,AAON
ASTM,Aastrom Biosciences
ABAX,ABAXIS
ABGB,Abengoa
ABMD,ABIOMED
AXAS,Abraxas Petroleum Corporation
ACTG,Acacia Research Corporation
ACHC,Acadia Healthcare Company
ACAD,ACADIA Pharmaceuticals Inc.
ACST,Acasti Pharma
AXDX,Accelerate Diagnostics
XLRN,Acceleron Pharma Inc.
ACCL,Accelrys
ANCX,Access National Corporation
ARAY,Accuray Incorporated
ACRX,AcelRx Pharmaceuticals
ACET,Aceto Corporation
AKAO,Achaogen
ACHN,Achillion Pharmaceuticals
ACIW,ACI Worldwide
ACNB,ACNB Corporation
ACOR,Acorda Therapeutics
ACFN,Acorn Energy
ACTS,Actions Semiconductor Co.
ACPW,Active Power
ATVI,Activision Blizzard
BIRT,Actuate Corporation
ACUR,Acura Pharmaceuticals
ACXM,Acxiom Corporation
ADMP,Adamis Pharmaceuticals Corporation
ADUS,Addus HomeCare Corporation
AEY,ADDvantage Technologies Group
ADEP,Adept Technology
ADBE,Adobe Systems Incorporated
ADTN,ADTRAN
ADES,Advanced Emissions Solutions
AEIS,Advanced Energy Industries
ADXS,Advaxis
ADXSW,Advaxis
ADVS,Advent Software
YPRO,AdvisorShares Trust
AEGR,Aegerion Pharmaceuticals
AEGN,Aegion Corp
AEHR,Aehr Test Systems
AEPI,AEP Industries Inc.
AERI,Aerie Pharmaceuticals
AVAV,AeroVironment
AEZS,AEterna Zentaris Inc.
ATRM,Aetrium Incorporated
AFFX,Affymetrix
AGEN,Agenus Inc.
AGYS,Agilysys
AGIO,Agios Pharmaceuticals
AIRM,Air Methods Corporation
AIRT,Air T
ATSG,Air Transport Services Group
AMCN,AirMedia Group Inc
AIXG,Aixtron SE
AKAM,Akamai Technologies
AKER,Akers Biosciences Inc
AKRX,Akorn
ALSK,Alaska Communications Systems Group
AMRI,Albany Molecular Research
ALCS,ALCO Stores
ADHD,Alcobra Ltd.
ALXN,Alexion Pharmaceuticals
ALXA,Alexza Pharmaceuticals
ALCO,Alico
ALGN,Align Technology
ALIM,Alimera Sciences
ALKS,Alkermes plc
ALGT,Allegiant Travel Company
ALLB,Alliance Bancorp
AFOP,Alliance Fiber Optic Products
AIQ,Alliance HealthCare Services
AHGP,Alliance Holdings GP
ARLP,Alliance Resource Partners
AHPI,Allied Healthcare Products
AMOT,Allied Motion Technologies
ALQA,Alliqua
ALLT,Allot Communications Ltd.
MDRX,Allscripts Healthcare Solutions
AFAM,Almost Family Inc
ALNY,Alnylam Pharmaceuticals
AOSL,Alpha and Omega Semiconductor Limited
ATEC,Alphatec Holdings
ALTI,Altair Nanotechnologies Inc.
ALTR,Altera Corporation
ASPS,Altisource Portfolio Solutions S.A.
APSA,Alto Palermo S.A.
AIMC,Altra Industrial Motion Corp.
AMAG,AMAG Pharmaceuticals
AMRN,Amarin Corporation PLC
AMRK,A-Mark Precious Metals
AMZN,Amazon.com
AMBC,Ambac Financial Group
AMBCW,Ambac Financial Group
AMBA,Ambarella
EPAX,Ambassadors Group
AMBT,Ambient Corporation
AMBI,Ambit Biosciences Corporation
AMCX,AMC Networks Inc.
DOX,Amdocs Limited
AMDA,Amedica Corporation
AMED,Amedisys Inc
UHAL,Amerco
ASBI,Ameriana Bancorp
ATAX,America First Multifamily Investors
AMOV,America Movil
AAL,American Airlines Group
AALCP,American Airlines Group
AGNC,American Capital Agency Corp.
AGNCP,American Capital Agency Corp.
MTGE,American Capital Mortgage Investment Corp.
ACSF,American Capital Senior Floating
ACAS,American Capital
ANCI,American Caresource Holdings Inc
AETI,American Electric Technologies
AMIC,American Independence Corp.
AMNB,American National Bankshares
ANAT,American National Insurance Company
APEI,American Public Education
ARII,American Railcar Industries
ARCP,American Realty Capital Properties
ARCPP,American Realty Capital Properties
AMRB,American River Bankshares
ASEI,American Science and Engineering
AMSWA,American Software
AMSC,American Superconductor Corporation
AMWD,American Woodmark Corporation
CRMT,America&#39;s Car-Mart
ABCB,Ameris Bancorp
AMSF,AMERISAFE
ASRV,AmeriServ Financial Inc.
ASRVP,AmeriServ Financial Inc.
ATLO,Ames National Corporation
AMGN,Amgen Inc.
FOLD,Amicus Therapeutics
AMKR,Amkor Technology
AMSG,Amsurg Corp.
ASYS,Amtech Systems
AFSI,AmTrust Financial Services
AMRS,Amyris
ANAC,Anacor Pharmaceuticals
ANAD,ANADIGICS
ADI,Analog Devices
ALOG,Analogic Corporation
ANCB,Anchor Bancorp
AMCF,Andatee China Marine Fuel Services Corporation
ANGI,Angie&#39;s List
ANGO,AngioDynamics
ANIP,ANI Pharmaceuticals
ANIK,Anika Therapeutics Inc.
ANSS,ANSYS
ATRS,Antares Pharma
ANTH,Anthera Pharmaceuticals
APAGF,Apco Oil and Gas International Inc.
ATNY,API Technologies Corp.
APOG,Apogee Enterprises
APOL,Apollo Education Group
AINV,Apollo Investment Corporation
AAPL,Apple Inc.
ARCI,Appliance Recycling Centers of America
AMAT,Applied Materials
AMCC,Applied Micro Circuits Corporation
AAOI,Applied Optoelectronics
AREX,Approach Resources Inc.
APRI,Apricus Biosciences
AQU,Aquasition Corp.
AQUUU,Aquasition Corp.
AQUUW,Aquasition Corp.
AQXP,Aquinox Pharmaceuticals
PETX,Aratana Therapeutics
ARCW,ARC Group Worldwide
ABIO,ARCA biopharma
ACGL,Arch Capital Group Ltd.
ACAT,Arctic Cat Inc.
ARNA,Arena Pharmaceuticals
ARCC,Ares Capital Corporation
AGII,Argo Group International Holdings
AGIIL,Argo Group International Holdings
ARGS,Argos Therapeutics
ARIS,ARI Network Services
ARIA,ARIAD Pharmaceuticals
ARKR,Ark Restaurants Corp.
ABFS,Arkansas Best Corporation
ARMH,ARM Holdings plc
ARTX,Arotech Corporation
ARQL,ArQule
ARRY,Array BioPharma Inc.
ARRS,ARRIS Group
AROW,Arrow Financial Corporation
ARWR,Arrowhead Research Corporation
ARTNA,Artesian Resources Corporation
ARTC,ArthroCare Corporation
ARTW,Art&#39;s-Way Manufacturing Co.
ARUN,Aruba Networks
ASBB,ASB Bancorp
ASNA,Ascena Retail Group
ASCMA,Ascent Capital Group
ASTI,Ascent Solar Technologies
APWC,Asia Pacific Wire & Cable Corporation Limited
ASMI,ASM International N.V.
ASML,ASML Holding N.V.
AZPN,Aspen Technology
ASBC,Associated Banc-Corp
ASBCW,Associated Banc-Corp
ASFI,Asta Funding
ATEA,Astea International
ASTE,Astec Industries
ALOT,Astro-Med
ATRO,Astronics Corporation
ASTC,Astrotech Corporation
ASUR,Asure Software Inc
ATAI,ATA Inc.
ATHN,athenahealth
AFCB,Athens Bancshares Corporation
ATHX,Athersys
AAME,Atlantic American Corporation
ACFC,Atlantic Coast Financial Corporation
ATNI,Atlantic Tele-Network
ATLC,Atlanticus Holdings Corporation
AAWW,Atlas Air Worldwide Holdings
AFH,Atlas Financial Holdings
ATML,Atmel Corporation
ATMI,ATMI Inc.
ATOS,Atossa Genetics Inc.
ATRC,AtriCure
ATRI,ATRION Corporation
ATTU,Attunity Ltd.
AUBN,Auburn National Bancorporation
ADNC,Audience
AUDC,AudioCodes Ltd.
ASPX,Auspex Pharmaceuticals
ADAT,Authentidate Holding Corp.
ABTL,Autobytel Inc.
ADSK,Autodesk
ADP,Automatic Data Processing
AMAP,AutoNavi Holdings Limited
AUXL,Auxilium Pharmaceuticals
AVGO,Avago Technologies Limited
AVNR,Avanir Pharmaceuticals
AVEO,AVEO Pharmaceuticals
AVNW,Aviat Networks
CAR,Avis Budget Group
AWRE,Aware
ACLS,Axcelis Technologies
AXGN,AxoGen
AXTI,AXT Inc
BCOM,B Communications Ltd.
BOSC,B.O.S. Better Online Solutions
BEAV,B/E Aerospace
BIDU,Baidu
BCPC,Balchem Corporation
BWINA,Baldwin & Lyons
BWINB,Baldwin & Lyons
BLDP,Ballard Power Systems
BANC,Banc of California
BANCL,Banc of California
BANCP,Banc of California
BANF,BancFirst Corporation
BANFP,BancFirst Corporation
BKMU,Bank Mutual Corporation
BOCH,Bank of Commerce Holdings (CA)
BMRC,Bank of Marin Bancorp
BKSC,Bank of South Carolina Corp.
BOTJ,Bank of the James Financial Group
OZRK,Bank of the Ozarks
BFIN,BankFinancial Corporation
BANR,Banner Corporation
BBSI,Barrett Business Services
BSET,Bassett Furniture Industries
BAXS,Baxano Surgical
BYBK,Bay Bancorp
BYLK,Baylake Corp
BV,Bazaarvoice
BBCN,BBCN Bancorp
BCBP,BCB Bancorp
BECN,Beacon Roofing Supply
BBGI,Beasley Broadcast Group
BEBE,bebe stores
BBBY,Bed Bath & Beyond Inc.
BELFA,Bel Fuse Inc.
BELFB,Bel Fuse Inc.
BNCL,Beneficial Mutual Bancorp
BNFT,Benefitfocus
BGMD,BG Medicine
BGCP,BGC Partners
BGFV,Big 5 Sporting Goods Corporation
BIND,BIND Therapeutics
BASI,Bioanalytical Systems
BIOC,Biocept
BCRX,BioCryst Pharmaceuticals
BIOD,Biodel Inc.
BDSI,BioDelivery Sciences International
BIOF,BioFuel Energy Corp.
BIIB,Biogen Idec Inc.
BIOL,Biolase
BLRX,BioLineRx Ltd.
BMRN,BioMarin Pharmaceutical Inc.
BPTH,Bio-Path Holdings Inc
BRLI,Bio-Reference Laboratories
BIOS,BioScrip
BSTC,BioSpecifics Technologies Corp
BSPM,Biostar Pharmaceuticals
BOTA,Biota Pharmaceuticals
BEAT,BioTelemetry
BDMS,Birner Dental Management Services
BJRI,BJ&#39;s Restaurants
BBOX,Black Box Corporation
BDE,Black Diamond
BLKB,Blackbaud
BBRY,BlackBerry Limited
HAWK,Blackhawk Network Holdings
BKCC,BlackRock Kelso Capital Corporation
ADRA,BLDRS Asia 50 ADR Index Fund
ADRD,BLDRS Developed Markets 100 ADR Index Fund
ADRE,BLDRS Emerging Markets 50 ADR Index Fund
ADRU,BLDRS Europe 100 ADR Index Fund
BLMN,Bloomin&#39; Brands
BCOR,Blucora
NILE,Blue Nile
BLUE,bluebird bio
BKEP,Blueknight Energy Partners L.P.
BKEPP,Blueknight Energy Partners L.P.
BPHX,BluePhoenix Solutions
BNCN,BNC Bancorp
BOBE,Bob Evans Farms
BODY,Body Central Corp.
BOFI,BofI Holding
WIFI,Boingo Wireless
BOKF,BOK Financial Corporation
BOLT,Bolt Technology Corporation
BONA,Bona Film Group Limited
BNSO,Bonso Electronics International
BAMM,Books-A-Million
BPFH,Boston Private Financial Holdings
BPFHP,Boston Private Financial Holdings
BPFHW,Boston Private Financial Holdings
EPAY,Bottomline Technologies
BDBD,Boulder Brands
BLVDU,Boulevard Acquisition Corp.
BBRG,Bravo Brio Restaurant Group
BBEP,BreitBurn Energy Partners
BDGE,Bridge Bancorp
BBNK,Bridge Capital Holdings
BLIN          ,Bridgeline Digital
BRID,Bridgford Foods Corporation
BCOV,Brightcove Inc.
BRCM,Broadcom Corporation
BSFT,BroadSoft
BVSN,BroadVision
BYFC,Broadway Financial Corporation
BWEN,Broadwind Energy
BRCD,Brocade Communications Systems
BRKL,Brookline Bancorp
BRKS,Brooks Automation
BRKR,Bruker Corporation
BMTC,Bryn Mawr Bank Corporation
BLMT,BSB Bancorp
BSDM,BSD Medical Corporation
BSQR,BSQUARE Corporation
BTUI,BTU International
BWLD,Buffalo Wild Wings
BLDR,Builders FirstSource
BUR,Burcon Nutrascience Corp
CFFI,C&F Financial Corporation
CHRW,C.H. Robinson Worldwide
CA,CA Inc.
CCMP,Cabot Microelectronics Corporation
CACH,Cache
CDNS,Cadence Design Systems
CADX,Cadence Pharmaceuticals
CDZI,Cadiz
CACQ,Caesars Acquisition Company
CZR,Caesars Entertainment Corporation
CSTE,CaesarStone Sdot-Yam Ltd.
PRSS,CafePress Inc.
CLMS,Calamos Asset Management
CHY,Calamos Convertible and High Income Fund
CHI,Calamos Convertible Opportunities and Income Fund
CHW,Calamos Global Dynamic Income Fund
CGO,Calamos Global Total Return Fund
CSQ,Calamos Strategic Total Return Fund
CAMP,CalAmp Corp.
CVGW,Calavo Growers
CFNB,California First National Bancorp
CALD,Callidus Software
CALM,Cal-Maine Foods
CLMT,Calumet Specialty Products Partners
ABCD,Cambium Learning Group
CAMB,CAMBRIDGE CAPITAL ACQUISITION CORPORATION
CAMBU,CAMBRIDGE CAPITAL ACQUISITION CORPORATION
CAMBW,CAMBRIDGE CAPITAL ACQUISITION CORPORATION
CAC,Camden National Corporation
CAMT,Camtek Ltd.
CSIQ,Canadian Solar Inc.
CGIX,Cancer Genetics
CPHC,Canterbury Park Holding Corporation
CBNJ,Cape Bancorp
CPLA,Capella Education Company
CBF,Capital Bank Financial Corp.
CCBG,Capital City Bank Group
CPLP,Capital Product Partners L.P.
CSWC,Capital Southwest Corporation
CPTA,Capitala Finance Corp.
CLAC,Capitol Acquisition Corp. II
CLACU,Capitol Acquisition Corp. II
CLACW,Capitol Acquisition Corp. II
CFFN,Capitol Federal Financial
CPST,Capstone Turbine Corporation
CARA,Cara Therapeutics
CARB,Carbonite
CRDC,Cardica
CFNL,Cardinal Financial Corporation
CRME,Cardiome Pharma Corporation
CSII,Cardiovascular Systems
CATM,Cardtronics
CECO,Career Education Corporation
CKEC,Carmike Cinemas
CLBH,Carolina Bank Holdings Inc.
CART,Carolina Trust Bank
CRZO,Carrizo Oil & Gas
TAST,Carrols Restaurant Group
CARV,Carver Bancorp
CASM,CAS Medical Systems
CACB,Cascade Bancorp
CSCD,Cascade Microtech
CWST,Casella Waste Systems
CASY,Caseys General Stores
CASS,Cass Information Systems
CPRX,Catalyst Pharmaceutical Partners
CTRX,Catamaran Corporation
CATY,Cathay General Bancorp
CATYW,Cathay General Bancorp
CVCO,Cavco Industries
CAVM,Cavium
CBEY,Cbeyond
CBOE,CBOE Holdings
CDW,CDW Corporation
CECE,CECO Environmental Corp.
CPXX,Celator Pharmaceuticals Inc.
CELG,Celgene Corporation
CELGZ,Celgene Corporation
CTIC,Cell Therapeutics
CLDN,Celladon Corporation
CLDX,Celldex Therapeutics
ICEL,Cellular Dynamics International
CLSN,Celsion Corporation
CLTX,Celsus Therapeutics Plc
CEMP,Cempra
CNBC,Center Bancorp
CSFL,CenterState Banks
CETV,Central European Media Enterprises Ltd.
CFBK,Central Federal Corporation
CENT,Central Garden & Pet Company
CENTA,Central Garden & Pet Company
CVCY,Central Valley Community Bancorp
CENX,Century Aluminum Company
CNBKA,Century Bancorp
CNTY,Century Casinos
CPHD,CEPHEID
CRNT,Ceragon Networks Ltd.
CERE,Ceres
CERN,Cerner Corporation
CERS,Cerus Corporation
KOOL,Cesca Therapeutics Inc.
CEVA,CEVA
CYOU,Changyou.com Limited
HOTR,Chanticleer Holdings
HOTRW,Chanticleer Holdings
CTHR,Charles & Colvard Ltd
CHRM,Charm Communications Inc.
CACG,Chart Acquisition Corp.
CACGU,Chart Acquisition Corp.
CACGW,Chart Acquisition Corp.
GTLS,Chart Industries
CHTR,Charter Communications
CHFN,Charter Financial Corp.
CHKP,Check Point Software Technologies Ltd.
CHTP,Chelsea Therapeutics International
CEMI,Chembio Diagnostics
CHFC,Chemical Financial Corporation
CCXI,ChemoCentryx
CHMG,Chemung Financial Corp
CHKE,Cherokee Inc.
CHEV,Cheviot Financial Corp
CBNK,Chicopee Bancorp
CMRX,Chimerix
CADC,China Advanced Construction Materials Group
CALI,China Auto Logistics Inc.
CAAS,China Automotive Systems
CBAK,China BAK Battery
CBPO,China Biologic Products
CCCL,China Ceramics Co.
CCCR,China Commercial Credit
JRJC,China Finance Online Co. Limited
CHOP,China Gerui Advanced Materials Group Limited
HGSH,China HGS Real Estate
CHLN,China Housing & Land Development
CNIT,China Information Technology
CJJD,China Jo-Jo Drugstores
HTHT,China Lodging Group
CMGE,China Mobile Games and Entertainment Group Limited
CHNR,China Natural Resources
CPSL,China Precision Steel
CREG,China Recycling Energy Corporation
CPGI,China Shengda Packaging Group
CSUN,China Sunergy Co.
CNTF,China TechFaith Wireless Communication Technology Limited
CXDC,China XD Plastics Company Limited
CNYD,China Yida Holding
CCIH,ChinaCache International Holdings Ltd.
CEDU,ChinaEdu Corporation
CNET,ChinaNet Online Holdings
CHDX,Chindex International
IMOS,ChipMOS TECHNOLOGIES (Bermuda) LTD.
CHSCN,CHS Inc
CHSCO,CHS Inc
CHSCP,CHS Inc
CHDN,Churchill Downs
CHUY,Chuy&#39;s Holdings
CHYR,ChyronHego Corporation
CIFC,CIFC Corp.
CIMT,Cimatron
CINF,Cincinnati Financial Corporation
CIDM,Cinedigm Corp
CTAS,Cintas Corporation
CRUS,Cirrus Logic
CISAA,CIS Acquisition Ltd.
CISAU,CIS Acquisition Ltd.
CISAW,CIS Acquisition Ltd.
CSCO,Cisco Systems
CTRN,Citi Trends
CZNC,Citizens & Northern Corp
CZWI,Citizens Community Bancorp
CZFC,Citizens First Corporation
CIZN,Citizens Holding Company
CTXS,Citrix Systems
CHCO,City Holding Company
CDTI,Clean Diesel Technologies
CLNE,Clean Energy Fuels Corp.
CLNT,Cleantech Solutions International
CLFD,Clearfield
CLRO,ClearOne
CLIR,ClearSign Combustion Corporation
CBLI,Cleveland BioLabs
CKSW,ClickSoftware Technologies Ltd.
CSBK,Clifton Savings Bancorp
CLVS,Clovis Oncology
CMFN,CM Finance Inc
CME,CME Group Inc.
CMSB,CMS Bancorp
CCNE,CNB Financial Corporation
CISG,CNinsure Inc.
COA           ,Coastal Contacts Inc                    
CWAY,Coastway Bancorp
COBZ,CoBiz Financial Inc.
COBR,Cobra Electronics Corporation
COKE,Coca-Cola Bottling Co. Consolidated
CDXS,Codexis
CVLY,Codorus Valley Bancorp
JVA,Coffee Holding Co.
CCOI,Cogent Communications Group
CGNX,Cognex Corporation
CTSH,Cognizant Technology Solutions Corporation
COHR,Coherent
COHU,Cohu
CWTR,Coldwater Creek
JACQ,COLLABRIUM JAPAN ACQUISITION CORPORATION
JACQU,COLLABRIUM JAPAN ACQUISITION CORPORATION
JACQW,COLLABRIUM JAPAN ACQUISITION CORPORATION
CLRX,CollabRx
CLCT,Collectors Universe
COBK,Colonial Financial Services
CBAN,Colony Bankcorp
COLB,Columbia Banking System
CBRX,Columbia Laboratories
COLM,Columbia Sportswear Company
CMCO,Columbus McKinnon Corporation
CBMX,CombiMatrix Corporation
CBMXW,CombiMatrix Corporation
CMCSA,Comcast Corporation
CMCSK,Comcast Corporation
CBSH,Commerce Bancshares
CVGI,Commercial Vehicle Group
COMM,CommScope Holding Company
JCS,Communications Systems
CBIN,Community Bank Shares of Indiana
ESXB,Community Bankers Trust Corporation.
CYHHZ,Community Health Systems
CTBI,Community Trust Bancorp
CWBC,Community West Bancshares
COB,CommunityOne Bancorp
CVLT,CommVault Systems
GSJK,Compressco Partners
CGEN,Compugen Ltd.
CPSI,Computer Programs and Systems
CTG,Computer Task Group
CPWR,Compuware Corporation
SCOR,comScore
CHCI,Comstock Holding Companies
CMTL,Comtech Telecommunications Corp.
CNSI,Comverse Inc.
CNAT,Conatus Pharmaceuticals Inc.
CNCE,Concert Pharmaceuticals
CNQR,Concur Technologies
CCUR,Concurrent Computer Corporation
CNMD,CONMED Corporation
CTWS,Connecticut Water Service
CNOB,ConnectOne Bancorp
CONN,Conn&#39;s
CNSL,Consolidated Communications Holdings
CWCO,Consolidated Water Co. Ltd.
CTCT,Constant Contact
CPSS,Consumer Portfolio Services
CTRL,Control4 Corporation
CNVR,Conversant
CPRT,Copart
CORT,Corcept Therapeutics Incorporated
BVA,Cordia Bancorp Inc.
CORE,Core-Mark Holding Company
COCO,Corinthian Colleges
CSOD,Cornerstone OnDemand
CNDO,Coronado Biosciences
CRRS,Corporate Resource Services
CRVL,CorVel Corp.
COSI,Cosi
CSGP,CoStar Group
COST,Costco Wholesale Corporation
CPAH,CounterPath Corporation
CRRC,Courier Corporation
CVTI,Covenant Transportation Group
COVS,Covisint Corporation
COWN,Cowen Group
CRAI,CRA International
CBRL,Cracker Barrel Old Country Store
BREW,Craft Brew Alliance
CRAY,Cray Inc
CACC,Credit Acceptance Corporation
DGLD,Credit Suisse AG
DSLV,Credit Suisse AG
GLDI,Credit Suisse AG
SLVO,Credit Suisse AG
TVIX,Credit Suisse AG
UGLD,Credit Suisse AG
USLV,Credit Suisse AG
VIIX,Credit Suisse AG
VIIZ,Credit Suisse AG
XIV,Credit Suisse AG
ZIV,Credit Suisse AG
CREE,Cree
CRESW,Cresud S.A.C.I.F. y A.
CRESY,Cresud S.A.C.I.F. y A.
CRTO,Criteo S.A.
CROX,Crocs
CCRN,Cross Country Healthcare
CRDS,Crossroads Systems
CRWS,Crown Crafts
CRWN,Crown Media Holdings
CRMB,Crumbs Bake Shop
CRMBU,Crumbs Bake Shop
CRMBW,Crumbs Bake Shop
CSGS,CSG Systems International
CSPI,CSP Inc.
CSRE,CSR plc
CTCM,CTC Media
CTIB,CTI Industries Corporation
CTRP,Ctrip.com International
CUNB,CU Bancorp (CA)
CBST,Cubist Pharmaceuticals
CBSTZ,Cubist Pharmaceuticals
CUI,CUI Global
CPIX,Cumberland Pharmaceuticals Inc.
CMLS,Cumulus Media Inc.
CRIS,Curis
CUBI,Customers Bancorp
CUBIL,Customers Bancorp
CUTR,Cutera
CVBF,CVB Financial Corporation
CVV,CVD Equipment Corporation
CYAN,Cyanotech Corporation
CYBX,Cyberonics
CYBE,CyberOptics Corporation
CYCC,Cyclacel Pharmaceuticals
CYCCP,Cyclacel Pharmaceuticals
CYNO,Cynosure
CY,Cypress Semiconductor Corporation
CYRN,CYREN Ltd.
CONE,CyrusOne Inc
CYTK,Cytokinetics
CYTX,Cytori Therapeutics Inc
CYTXW,Cytori Therapeutics Inc
CYTR,CytRx Corporation
DAEG,Daegis Inc
DJCO,Daily Journal Corp. (S.C.)
DAKT,Daktronics
DARA,DARA Biosciences
DAIO,Data I/O Corporation
DTLK,Datalink Corporation
DRAM,Dataram Corporation
DWCH,Datawatch Corporation
DWSN,Dawson Geophysical Company
TRAK,Dealertrack Technologies
DECK,Deckers Outdoor Corporation
DHRM,Dehaier Medical Systems Limited
DFRG,Del Frisco&#39;s Restaurant Group
DCTH,Delcath Systems
DLIA,dELIA*s Inc.
DGAS,Delta Natural Gas Company
DNDN,Dendreon Corporation
DENN,Denny&#39;s Corporation
XRAY,DENTSPLY International Inc.
DEPO,Depomed
DSCI,Derma Sciences
DEST,Destination Maternity Corporation
DXLG,Destination XL Group
DSWL,Deswell Industries
DXM,Dex Media
DXCM,DexCom
DLLR,DFC Global Corp
DMND,Diamond Foods
DHIL,Diamond Hill Investment Group
FANG,Diamondback Energy
DCIX,Diana Containerships Inc.
DRNA,Dicerna Pharmaceuticals
DGII,Digi International Inc.
DMRC,Digimarc Corporation
DRAD,Digirad Corporation
DGLY,Digital Ally
DCIN,Digital Cinema Destinations Corp.
DRIV,Digital River
DCOM,Dime Community Bancshares
DIOD,Diodes Incorporated
DPRX,Dipexium Pharmaceuticals
DTV,DIRECTV
DISCA,Discovery Communications
DISCB,Discovery Communications
DISCK,Discovery Communications
DSCO,Discovery Laboratories
DISH,DISH Network Corporation
DVCR,Diversicare Healthcare Services Inc.
BAGR,Diversified Restaurant Holdings
DLHC,DLH Holdings Corp.
DNBF,DNB Financial Corp
DLTR,Dollar Tree
DGICA,Donegal Group
DGICB,Donegal Group
DMLP,Dorchester Minerals
DORM,Dorman Products
HILL,Dot Hill Systems Corporation
DBLE,Double Eagle Petroleum Company
DBLEP,Double Eagle Petroleum Company
DOVR,Dover Saddlery
DRWI,DragonWave Inc
DWA,Dreamworks Animation SKG
DRYS,DryShips Inc.
DSKX,DS Healthcare Group
DSPG,DSP Group
DTSI,DTS
DNKN,Dunkin&#39; Brands Group
DRTX,Durata Therapeutics
DRRX,Durect Corporation
DXPE,DXP Enterprises
DYAX,Dyax Corp.
DLNG,Dynagas LNG Partners LP
BOOM,Dynamic Materials Corporation
DYSL,Dynasil Corporation of America
DYNT,Dynatronics Corporation
DVAX,Dynavax Technologies Corporation
ETFC,E*TRADE Financial Corporation
EOPN,E2open
EBMT,Eagle Bancorp Montana
EGBN,Eagle Bancorp
EGLE,Eagle Bulk Shipping Inc.
EGRX,Eagle Pharmaceuticals
EROC,Eagle Rock Energy Partners
ELNK,EarthLink Holdings Corp.
EWBC,East West Bancorp
EML,Eastern Company (The)
EVBS,Eastern Virginia Bankshares
EBAY,eBay Inc.
EBIX,Ebix
ELON,Echelon Corporation
ECHO,Echo Global Logistics
ECTE,Echo Therapeutics
SATS,EchoStar Corporation
EEI,Ecology and Environment
EDAP,EDAP TMS S.A.
EDGW,Edgewater Technology
EDMC,Education Management Corporation
EDUC,Educational Development Corporation
EFUT,eFuture Information Technology Inc.
EGAN,eGain Corporation
EGLT,Egalet Corporation
EHTH,eHealth
BAGL,Einstein Noah Restaurant Group
EMITF,Elbit Imaging Ltd.
ESLT,Elbit Systems Ltd.
ESYS,Elecsys Corporation
ELRC,Electro Rent Corporation
ESIO,Electro Scientific Industries
EA,Electronic Arts Inc.
EFII,Electronics for Imaging
ELSE,Electro-Sensors
EBIO,Eleven Biotherapeutics
RDEN,Elizabeth Arden
ESBK,Elmira Savings Bank NY (The)
LONG,eLong
ELTK,Eltek Ltd.
EMCI,EMC Insurance Group
EMCF,Emclaire Financial Corp
EMKR,EMCORE Corporation
EMMS,Emmis Communications Corporation
EMMSP,Emmis Communications Corporation
NYNY,Empire Resorts
ERS,Empire Resources
ENTA,Enanta Pharmaceuticals
ECPG,Encore Capital Group Inc
WIRE,Encore Wire Corporation
ENDP,Endo International plc
ECYT,Endocyte
ELGX,Endologix
EIGI,Endurance International Group Holdings
ERII,Energy Recovery
EXXI,Energy XXI (Bermuda) Limited
ENOC,EnerNOC
ENG,ENGlobal Corporation
ENPH,Enphase Energy
ESGR,Enstar Group Limited
ENTG,Entegris
ETRM,EnteroMedics Inc.
EBTC,Enterprise Bancorp Inc
EFSC,Enterprise Financial Services Corporation
EGT,Entertainment Gaming Asia Incorporated
ENMD,EntreMed
ENTR,Entropic Communications
ENVI,Envivio
ENZN,Enzon Pharmaceuticals
ENZY          ,Enzymotec Ltd.
EONC,eOn Communications Corporation
EPIQ,EPIQ Systems
EPZM,Epizyme
PLUS,ePlus inc.
EQIX,Equinix
EAC           ,Erickson Air-Crane Incorporated
ERIC,Ericsson
ERIE,Erie Indemnity Company
ESBF,ESB Financial Corporation
ESCA,Escalade
ESMC,Escalon Medical Corp.
ESPR,Esperion Therapeutics
ESSA,ESSA Bancorp
ESSX,Essex Rental Corporation
CLWT,Euro Tech Holdings Company Limited
EEFT,Euronet Worldwide
ESEA,Euroseas Ltd.
EVEP,EV Energy Partners
EVRY,EveryWare Global
EVOK,Evoke Pharma
EVOL,Evolving Systems
EXA,Exa Corporation
EXAS,EXACT Sciences Corporation
EXAC,Exactech
EDS,Exceed Company Ltd.
EXEL,Exelixis
EXFO,EXFO Inc
EXLS,ExlService Holdings
EXPE,Expedia
EXPD,Expeditors International of Washington
EXPO,Exponent
ESRX,Express Scripts Holding Company
EXLP,Exterran Partners
EXTR,Extreme Networks
EZCH,EZchip Semiconductor Limited
EZPW,EZCORP
FFIV,F5 Networks
FB,Facebook
FCS,Fairchild Semiconductor International
FRP,FairPoint Communications
FWM,Fairway Group Holdings Corp.
FALC,FalconStor Software
DAVE,Famous Dave&#39;s of America
FARM,Farmer Brothers Company
FFKT,Farmers Capital Bank Corporation
FMNB,Farmers National Banc Corp.
FARO,FARO Technologies
FAST,Fastenal Company
FATE,Fate Therapeutics
FBSS,Fauquier Bankshares
FBRC,FBR & Co
FDML,Federal-Mogul Corporation
FNHC,Federated National Holding Company
FFCO,FedFirst Financial Corporation
FEIC,FEI Company
FHCO,Female Health Company (The)
ONEQ,Fidelity Nasdaq Composite Index Tracking Stock
LION,Fidelity Southern Corporation
FDUS,Fidus Investment Corporation
FRGI,Fiesta Restaurant Group
FSC,Fifth Street Finance Corp.
FSCFL,Fifth Street Finance Corp.
FSFR,Fifth Street Senior Floating Rate Corp.
FITB,Fifth Third Bancorp
FITBI,Fifth Third Bancorp
FNGN,Financial Engines
FISI,Financial Institutions
FNSR,Finisar Corporation
FEYE,FireEye
FBNC,First Bancorp
FNLC,First Bancorp
FRBA,First Bank
BUSE,First Busey Corporation
FBIZ,First Business Financial Services
FCVA,First Capital Bancorp
FCAP,First Capital
FCFS,First Cash Financial Services
FCZA,First Citizens Banc Corp.
FCZAP,First Citizens Banc Corp.
FCNCA,First Citizens BancShares
FCLF,First Clover Leaf Financial Corp.
FCBC,First Community Bancshares
FCCO,First Community Corporation
FBNK,First Connecticut Bancorp
FDEF,First Defiance Financial Corp.
FFBH,First Federal Bancshares of Arkansas
FFNM,First Federal of Northern Michigan Bancorp
FFBC,First Financial Bancorp.
FFBCW,First Financial Bancorp.
FFIN,First Financial Bankshares
THFF,First Financial Corporation Indiana
SCBT,First Financial Holdings
FFNW,First Financial Northwest
FFKY,First Financial Service Corporation
INBK,First Internet Bancorp
FIBK,First Interstate BancSystem
FRME,First Merchants Corporation
FMBI,First Midwest Bancorp
NBCB,First NBC Bank Holding Company
FNFG,First Niagara Financial Group Inc.
FSFG,First Savings Financial Group
FSGI,First Security Group
FSLR,First Solar
FSBK,First South Bancorp Inc
BICK,First Trust BICK Index Fund
FTCS,First Trust Capital Strength ETF
FV,First Trust Dorsey Wright Focus 5 ETF
TDIV,First Trust Exchange-Traded Fund VI First Trust NASDAQ Technol
MDIV,First Trust Exchange-Traded Fund VI Multi-Asset Diversified In
FTGC,First Trust Global Tactical Commodity Strategy Fund
FTHI,First Trust High Income ETF
HYLS,First Trust High Yield Long/Short ETF
YDIV,First Trust International Multi-Asset Diversified Income Index
SKYY,First Trust ISE Cloud Computing Index Fund
CU,First Trust ISE Global Copper Index Fund
PLTM,First Trust ISE Global Platinum Index Fund
FTLB,First Trust Low Beta Income ETF
QABA,First Trust NASDAQ ABA Community Bank Index Fund
FONE,First Trust NASDAQ CEA Smartphone Index Fund
GRID,First Trust NASDAQ Clean Edge Smart Grid Infrastructure Index 
QCLN,First Trust NASDAQ Clean Edge U.S. Liquid Series Index Fund
CARZ,First Trust NASDAQ Global Auto Index Fund
RDVY,First Trust NASDAQ Rising Dividend Achievers ETF
QQEW,First Trust NASDAQ-100 Equal Weighted Index Fund
QQXT,First Trust NASDAQ-100 Ex-Technology Sector Index Fund
QTEC,First Trust NASDAQ-100-Technology Sector Index Fund
AIRR,First Trust RBA American Industrial Renaissance ETF
QINC,First Trust RBA Quality Income ETF
FTSL,First Trust Senior Loan Fund ETF
FUNC,First United Corporation
FBMI,Firstbank Corporation
SVVC,Firsthand Technology Value Fund
FMER,FirstMerit Corporation
FSRV,FirstService Corporation
FISV,Fiserv
FIVE,Five Below
FPRX,Five Prime Therapeutics
FLML,Flamel Technologies S.A.
FLXN,Flexion Therapeutics
FLXS,Flexsteel Industries
FLEX,Flextronics International Ltd.
FLIR,FLIR Systems
FLDM,Fluidigm Corporation
FFIC,Flushing Financial Corporation
FONR,Fonar Corporation
FES,Forbes Energy Services Ltd
FNRG,ForceField Energy Inc.
FORM,FormFactor
FORTY,Formula Systems (1985) Ltd.
FORR,Forrester Research
FTNT,Fortinet
FWRD,Forward Air Corporation
FORD,Forward Industries
FOSL,Fossil Group
FWLT,Foster Wheeler AG.
FMI,Foundation Medicine
FXCB,Fox Chase Bancorp
FOXF,Fox Factory Holding Corp.
FRAN,Francesca&#39;s Holdings Corporation
FELE,Franklin Electric Co.
FRNK,Franklin Financial Corporation
FRED,Fred&#39;s
FREE,FreeSeas Inc.
RAIL,Freightcar America
FEIM,Frequency Electronics
FTR,Frontier Communications Corporation
FSBW,FS Bancorp
FTD,FTD Companies
FSYS,Fuel Systems Solutions
FTEK,Fuel Tech
FCEL,FuelCell Energy
FULL,Full Circle Capital Corporation
FULLL,Full Circle Capital Corporation
FLL,Full House Resorts
FULT,Fulton Financial Corporation
FURX,Furiex Pharmaceuticals
FFHL,Fuwei Films (Holdings) Co.
FXEN,FX Energy
GK,G&K Services
WILC,G. Willi-Food International
GAIA,Gaiam
GALT,Galectin Therapeutics Inc.
GALTU,Galectin Therapeutics Inc.
GALTW,Galectin Therapeutics Inc.
GALE,Galena Biopharma
GLMD,Galmed Pharmaceuticals Ltd.
GLPI,Gaming and Leisure Properties
GPIC,Gaming Partners International Corporation
GRMN,Garmin Ltd.
GARS,Garrison Capital Inc.
GKNT,Geeknet
GENC,Gencor Industries Inc.
GNCMA,General Communication
GFN,General Finance Corporation
GFNCP,General Finance Corporation
GENE,Genetic Technologies Ltd
GNMK,GenMark Diagnostics
GNCA,Genocea Biosciences
GHDX,Genomic Health
GNTX,Gentex Corporation
THRM,Gentherm Inc
GTIV,Gentiva Health Services
GNVC,GenVec
GMETP,GeoMet
GTWN,Georgetown Bancorp
GEOS,Geospace Technologies Corporation
GABC,German American Bancorp
GERN,Geron Corporation
GEVO,Gevo
ROCK,Gibraltar Industries
GIGM,GigaMedia Limited
GIGA,Giga-tronics Incorporated
GIII,G-III Apparel Group
GILT,Gilat Satellite Networks Ltd.
GILD,Gilead Sciences
GBCI,Glacier Bancorp
GLAD,Gladstone Capital Corporation
GLADP,Gladstone Capital Corporation
GOOD,Gladstone Commercial Corporation
GOODN,Gladstone Commercial Corporation
GOODO,Gladstone Commercial Corporation
GOODP,Gladstone Commercial Corporation
GAIN,Gladstone Investment Corporation
GAINP,Gladstone Investment Corporation
LAND,Gladstone Land Corporation
GLCH,Gleacher & Company
GLBZ,Glen Burnie Bancorp
GDEF,Global Defense & National Security Systems
ENT,Global Eagle Entertainment Inc.
GBLI,Global Indemnity plc
GLPW,Global Power Equipment Group Inc
GSOL,Global Sources Ltd.
QQQC,Global X NASDAQ China Technology ETF
SOCL,Global X Social Media Index ETF
GAI,Global-Tech Advanced Innovations Inc.
GSM,Globe Specialty Metals Inc.
GLBS,Globus Maritime Limited
GLUU,Glu Mobile Inc.
GLYC,GlycoMimetics
GOGO,Gogo Inc.
GLNG,Golar LNG Limited
GMLP,Golar LNG Partners LP
GLDC,Golden Enterprises
GBDC,Golub Capital BDC
GTIM,Good Times Restaurants Inc.
GOOG,Google Inc.
GMAN,Gordmans Stores
LOPE,Grand Canyon Education
GRVY,GRAVITY Co.
GLDD,Great Lakes Dredge & Dock Corporation
GSBC,Great Southern Bancorp
GPRE,Green Plains Renewable Energy
GCBC,Greene County Bancorp
GLRE,Greenlight Reinsurance
GRIF,Griffin Land & Nurseries
GRFS,Grifols
GRPN,Groupon
OMAB,Grupo Aeroportuario del Centro Norte S.A.B. de C.V.
GGAL,Grupo Financiero Galicia S.A.
GSIG,GSI Group
GSIT,GSI Technology
GSVC,GSV Capital Corp
GTAT,GT Advanced Technologies
GTXI,GTx
GPRC,Guanwei Recycling Corp.
GBNK,Guaranty Bancorp
GFED,Guaranty Federal Bancshares
GUID,Guidance Software
GIFI,Gulf Island Fabrication
GURE,Gulf Resources
GPOR,Gulfport Energy Corporation
GWPH,GW Pharmaceuticals Plc
GYRO,Gyrodyne Company of America
HEES,H&E Equipment Services
HNRG,Hallador Energy Company
HALL,Hallmark Financial Services
HALO,Halozyme Therapeutics
HBK,Hamilton Bancorp
HBNK,Hampden Bancorp
HMPR,Hampton Roads Bankshares Inc
HBHC,Hancock Holding Company
HNH,Handy & Harman Ltd.
HAFC,Hanmi Financial Corporation
HNSN,Hansen Medical
HSOL,Hanwha SolarOne Co.
HDNG,Hardinge
HLIT,Harmonic Inc.
TINY,Harris & Harris Group
HART          ,Harvard Apparatus Regenerative Technology
HBIO,Harvard Bioscience
HCAP,Harvest Capital Credit Corporation
HAS,Hasbro
HAST,Hastings Entertainment
HA,Hawaiian Holdings
HCOM,Hawaiian Telcom Holdco
HWKN,Hawkins
HWBK,Hawthorn Bancshares
HAYN,Haynes International
HDS,HD Supply Holdings
HIIQ,Health Insurance Innovations
HCSG,Healthcare Services Group
HSTM,HealthStream
HWAY,Healthways
HTLD,Heartland Express
HTLF,Heartland Financial USA
HTWR,Heartware International
HTBX,Heat Biologics
HSII,Heidrick & Struggles International
HELE,Helen of Troy Limited
HMNY,Helios and Matheson Analytics Inc
HMTV,Hemisphere Media Group
HCAC,Hennessy Capital Acquisition Corp.
HCACU,Hennessy Capital Acquisition Corp.
HCACW,Hennessy Capital Acquisition Corp.
HSIC,Henry Schein
HERO,Hercules Offshore
HTBK,Heritage Commerce Corp
HFWA,Heritage Financial Corporation
HBOS,Heritage Financial Group
HEOP,Heritage Oaks Bancorp
HCCI,Heritage-Crystal Clean
MLHR,Herman Miller
HRTX,Heron Therapeutics
HSKA,Heska Corporation
HFFC,HF Financial Corp.
HTWO,HF2 Financial Management Inc.
HIBB,Hibbett Sports
HTCO,Hickory Tech Corporation
HIHO,Highway Holdings Limited
HIMX,Himax Technologies
HIFS,Hingham Institution for Savings
HITK,Hi-Tech Pharmacal Co.
HITT,Hittite Microwave Corporation
HMNF,HMN Financial
HMSY,HMS Holdings Corp
HOLI,Hollysys Automation Technologies
HOLX,Hologic
HBCP,Home Bancorp
HOMB,Home BancShares
HOME,Home Federal Bancorp
HFBL,Home Federal Bancorp
HMIN,Home Inns & Hotels Management Inc.
HLSS,Home Loan Servicing Solutions
AWAY,HomeAway
HMST,HomeStreet
HTBI,HomeTrust Bancshares
HPJ,Hong Kong Highpower Technology
HKTV,Hong Kong Television Network Limited
HOFT,Hooker Furniture Corporation
HFBC,HopFed Bancorp
HBNC,Horizon Bancorp (IN)
HZNP,Horizon Pharma
HRZN,Horizon Technology Finance Corporation
ZINC,Horsehead Holding Corp.
HMHC,Houghton Mifflin Harcourt Company
HWCC,Houston Wire & Cable Company
HOVNP,Hovnanian Enterprises Inc
HBMD,Howard Bancorp
HSNI,HSN
HUBG,Hub Group
HCBK,Hudson City Bancorp
HSON,Hudson Global
HDSN,Hudson Technologies
HBAN,Huntington Bancshares Incorporated
HBANP,Huntington Bancshares Incorporated
HURC,Hurco Companies
HURN,Huron Consulting Group Inc.
HTCH,Hutchinson Technology Incorporated
HBP,Huttig Building Products
HPAC,Hyde Park Acquisition Corp. II
HYGS,Hydrogenics Corporation
HPTX,Hyperion Therapeutics
IDSY,I.D. Systems
IACI,IAC/InterActiveCorp
IKGH,Iao Kun Group Holding Company Limited
IBKC,IBERIABANK Corporation
ICAD,icad inc.
IEP,Icahn Enterprises L.P.
ICFI,ICF International
ICGE,ICG Group
ICLR,ICON plc
ICON,Iconix Brand Group
ICUI,ICU Medical
IPWR,Ideal Power Inc.
IDIX,Idenix Pharmaceuticals
INVE,Identive Group
IDRA,Idera Pharmaceuticals
IDXX,IDEXX Laboratories
IROQ,IF Bancorp
IGTE,iGATE Corporation
IRG,Ignite Restaurant Group
RXDX,Ignyta
IIVI,II-VI Incorporated
IKAN,Ikanos Communications
IKNX,Ikonics Corporation
ILMN,Illumina
ISNS,Image Sensing Systems
IMMR,Immersion Corporation
ICCC,ImmuCell Corporation
IMGN,ImmunoGen
IMMU,Immunomedics
IPXL,Impax Laboratories
IMMY,Imprimis Pharmaceuticals
IMRS,Imris Inc
SAAS,inContact
INCY,Incyte Corporation
INDB,Independent Bank Corp.
IBCP,Independent Bank Corporation
IBTX,Independent Bank Group
IDSA,Industrial Services of America
INFN,Infinera Corporation
INXB,Infinity Cross Border Acquisition Corporation
INXBU,Infinity Cross Border Acquisition Corporation
INXBW,Infinity Cross Border Acquisition Corporation
INFI,Infinity Pharmaceuticals
IPCC,Infinity Property and Casualty Corporation
INFA,Informatica Corporation
III,Information Services Group
IFON,InfoSonics Corp
IMKTA,Ingles Markets
INWK,InnerWorkings
INOD,Innodata Inc.
IPHS,Innophos Holdings
IOSP,Innospec Inc.
ISSC,Innovative Solutions and Support
INGN,Inogen
NSIT,Insight Enterprises
ISIG,Insignia Systems
INSM,Insmed
IIIN,Insteel Industries
PODD,Insulet Corporation
INSY,Insys Therapeutics
IART,Integra LifeSciences Holdings Corporation
IDTI,Integrated Device Technology
IESC,Integrated Electrical Services
ISSI,Integrated Silicon Solution
INTC,Intel Corporation
IQNT,Inteliquent
IPCI,Intellipharmaceutics International Inc.
IPAR,Inter Parfums
IBKR,Interactive Brokers Group
ININ,Interactive Intelligence Group
ICPT,Intercept Pharmaceuticals
ICLD,InterCloud Systems
ICLDW,InterCloud Systems
IDCC,InterDigital
TILE,Interface
IMI,Intermolecular
IMCB,Intermountain Community Bancorp
ITMN,InterMune
INAP,Internap Network Services Corporation
IBOC,International Bancshares Corporation
ISCA,International Speedway Corporation
IGLD,Internet Gold Golden Lines Ltd.
IIJI,Internet Initiative Japan
PTNT,Internet Patents Corporation
INPH,Interphase Corporation
INTX,Intersections
ISIL,Intersil Corporation
IILG,Interval Leisure Group
IBCA,Intervest Bancshares Corp.
IVAC,Intevac
INTL,INTL FCStone Inc.
INTLL,INTL FCStone Inc.
ITCI,Intra-Cellular Therapies Inc.
IIN,IntriCon Corporation
INTU,Intuit Inc.
ISRG,Intuitive Surgical
SNAK,Inventure Foods
ISBC,Investors Bancorp
ITIC,Investors Title Company
IPAS,iPass Inc.
IPCM,IPC The Hospitalist Company
IPGP,IPG Photonics Corporation
IRIX,IRIDEX Corporation
IRDM,Iridium Communications Inc
IRDMZ,Iridium Communications Inc
IRBT,iRobot Corporation
IRWD,Ironwood Pharmaceuticals
GNMA,iShares Barclays GNMA Bond Fund
FCHI,iShares FTSE China (HK Listed) Index Fund
IFSM,iShares FTSE Developed Small Cap ex-North America Index Fund
IFAS,iShares FTSE EPRA/NAREIT Asia Index Fund
IFEU,iShares FTSE EPRA/NAREIT Europe Index Fund
IFGL,iShares FTSE EPRA/NAREIT Global Real Estate ex-U.S. Index Fund
IFNA,iShares FTSE EPRA/NAREIT North America Index Fund
SOXX,iShares Goldman Sachs Semiconductor Index Fund
AXFN,iShares MSCI ACWI ex US Financials Sector Index Fund
ACWX,iShares MSCI ACWI ex US Index Fund
ACWI,iShares MSCI ACWI Index Fund
AAXJ,iShares MSCI All Country Asia ex Japan Index Fund
AXJS,iShares MSCI All Country Asia ex Japan Small Cap Index Fund
AAIT,iShares MSCI All Country Asia Information Technology Index Fun
EEMA,iShares MSCI Emerging Markets Asia Index Fund
EMDI,iShares MSCI Emerging Markets Consumer Discrectionary Sector I
EEME,iShares MSCI Emerging Markets EMEA Index Fund
EMEY,iShares MSCI Emerging Markets Energy Sector Capped Index Fund
EMFN,iShares MSCI Emerging Markets Financials Sector Index Fund
EGRW,iShares MSCI Emerging Markets Growth Index Fund
EEML,iShares MSCI Emerging Markets Latin America Index Fund
EMMT,iShares MSCI Emerging Markets Materials Sector Index Fund
EVAL,iShares MSCI Emerging Markets Value Index Fund
EUFN,iShares MSCI Europe Financials Sector Index Fund
FEFN,iShares MSCI Far East Financials Sector Index Fund
IBB,iShares NASDAQ Biotechnology Index Fund
EMIF,iShares S&P Emerging Markets Infrastructure Index Fund
ICLN,iShares S&P Global Clean Energy Index Fund
NUCL,iShares S&P Global Nuclear Index Fund
WOOD,iShares S&P Global Timber &Forestry Index Fund
INDY,iShares S&P India Nifty 50 Index Fund
ISHG,iShares S&P/Citigroup 1-3 Year International Treasury Bond Fun
IGOV,iShares S&P/Citigroup International Treasury Bond Fund
ISIS,Isis Pharmaceuticals
ISLE,Isle of Capri Casinos
ISRL,Isramco
ITRI,Itron
ITRN,Ituran Location and Control Ltd.
IVAN,Ivanhoe Energy
XXIA,Ixia
IXYS,IXYS Corporation
JJSF,J & J Snack Foods Corp.
MAYS,J. W. Mays
JBHT,J.B. Hunt Transport Services
JCOM,j2 Global
JASO,JA Solar Holdings
JKHY,Jack Henry & Associates
JACK,Jack In The Box Inc.
JXSB,Jacksonville Bancorp Inc.
JAXB,Jacksonville Bancorp
JAKK,JAKKS Pacific
JMBA,Jamba
JRCC,James River Coal Company
JAZZ,Jazz Pharmaceuticals plc
JDSU,JDS Uniphase Corporation
JFBI,Jefferson Bancshares
JBLU,JetBlue Airways Corporation
JTPY,JetPay Corporation
JCTCF,Jewett-Cameron Trading Company
DATE,Jiayuan.com International Ltd.
JST,Jinpan International Limited
JIVE,Jive Software
JOEZ,Joe&#39;s Jeans Inc.
JBSS,John B. Sanfilippo & Son
JOUT,Johnson Outdoors Inc.
JOSB,Jos. A. Bank Clothiers
TAX,JTH Holding Inc. D/B/A Liberty Tax Service
KALU,Kaiser Aluminum Corporation
KBIO,KaloBios Pharmaceuticals
KMDA,Kamada Ltd.
KNDI,Kandi Technologies Group
KCLI,Kansas City Life Insurance Company
KPTI,Karyopharm Therapeutics Inc.
KCAP,KCAP Financial
KRNY,Kearny Financial
KIPO,Keating Capital
KELYA,Kelly Services
KELYB,Kelly Services
KFFB,Kentucky First Federal Bancorp
KERX,Keryx Biopharmaceuticals
GMCR,Keurig Green Mountain
KEQU,Kewaunee Scientific Corporation
KTEC,Key Technology
KTCC,Key Tronic Corporation
KFRC,Kforce
KBALB,Kimball International
KIN,Kindred Biosciences
KGJI,Kingold Jewelry Inc.
KINS,Kingstone Companies
KONE,Kingtone Wirelessinfo Solution Holding Ltd
KIOR,KiOR
KIPS,Kips Bay Medical
KIRK,Kirkland&#39;s
KLAC,KLA-Tencor Corporation
VLCCF,Knightsbridge Tankers Limited
KFX,Kofax Limited
KONA,Kona Grill
KONG,KongZhong Corporation
KOPN,Kopin Corporation
KOSS,Koss Corporation
KRFT,Kraft Foods Group
KWEB,KraneShares CSI China Internet ETF
KTOS,Kratos Defense & Security Solutions
KUTV,Ku6 Media Co.
KLIC,Kulicke and Soffa Industries
KVHI,KVH Industries
KYTH,Kythera Biopharmaceuticals
LLEN,L&L Energy
FSTR,L.B. Foster Company
LJPC,La Jolla Pharmaceutical Company
LSBK,Lake Shore Bancorp
LBAI,Lakeland Bancorp
LKFN,Lakeland Financial Corporation
LAKE,Lakeland Industries
LACO,Lakes Entertainment
LRCX,Lam Research Corporation
LAMR,Lamar Advertising Company
LANC,Lancaster Colony Corporation
LNDC,Landec Corporation
LARK,Landmark Bancorp Inc.
LSTR,Landstar System
LTRX,Lantronix
LPSB,LaPorte Bancorp
LSCC,Lattice Semiconductor Corporation
LAWS,Lawson Products
LAYN,Layne Christensen Company
LCAV,LCA-Vision Inc.
LCNB,LCNB Corporation
LDRH,LDR Holding Corporation
GAGA,Le Gaga Holdings Limited
LBIX,Leading Brands Inc
LTRE,Learning Tree International
LGCY,Legacy Reserves LP
LMAT,LeMaitre Vascular
LEVY,Levy Acquisition Corp.
LEVYU,Levy Acquisition Corp.
LEVYW,Levy Acquisition Corp.
LXRX,Lexicon Pharmaceuticals
LGIH,LGI Homes
LHCG,LHC Group
LBTYA,Liberty Global plc
LBTYB,Liberty Global plc
LBTYK,Liberty Global plc
LINTA,Liberty Interactive Corporation
LINTB,Liberty Interactive Corporation
LVNTA,Liberty Interactive Corporation
LVNTB,Liberty Interactive Corporation
LMCA,Liberty Media Corporation
LMCB,Liberty Media Corporation
LPHI,Life Partners Holdings Inc
LPNT,LifePoint Hospitals
LCUT,Lifetime Brands
LFVN,Lifevantage Corporation
LWAY,Lifeway Foods
LGND,Ligand Pharmaceuticals Incorporated
LTBR,Lightbridge Corporation
LPTH,LightPath Technologies
LIWA,Lihua International
LLEX,Lilis Energy
LIME,Lime Energy Co.
LLNW,Limelight Networks
LMNR,Limoneira Co
LINC,Lincoln Educational Services Corporation
LECO,Lincoln Electric Holdings
LLTC,Linear Technology Corporation
LNCO,Linn Co
LINE,Linn Energy
LIOX,Lionbridge Technologies
LPDX,LipoScience
LIQD,Liquid Holdings Group
LQDT,Liquidity Services
LFUS,Littelfuse
LIVE,LiveDeal
LPSN,LivePerson
LKQ,LKQ Corporation
LMIA,LMI Aerospace
LNBB,LNB Bancorp
LOCM,Local Corporation
LOGI,Logitech International S.A.
LOGM,LogMein
LOJN,LoJack Corporation
LOOK,LookSmart
LORL,Loral Space and Communications
LABC,Louisiana Bancorp
LPTN,Lpath
LPLA,LPL Financial Holdings Inc.
LRAD,LRAD Corporation
LSBI,LSB Financial Corp.
LSI,LSI Corporation
LYTS,LSI Industries Inc.
LTXC,LTX-Credence Corporation
LULU,lululemon athletica inc.
LMNS,Lumenis Ltd.
LMNX,Luminex Corporation
LMOS,Lumos Networks Corp.
LUNA,Luna Innovations Incorporated
MBTF,M B T Financial Corp
MTSI,M/A-COM Technology Solutions Holdings
MCBC,Macatawa Bank Corporation
MFNC,Mackinac Financial Corporation
MGNX,MacroGenics
MCBK,Madison County Financial
MAGS,Magal Security Systems Ltd.
MGLN,Magellan Health Services
MPET,Magellan Petroleum Corporation
MGIC,Magic Software Enterprises Ltd.
CALL,magicJack VocalTec Ltd
MNGA,MagneGas Corporation
MAG,Magnetek
MGYR,Magyar Bancorp
MHLD,Maiden Holdings
MHLDO,Maiden Holdings
MSFG,MainSource Financial Group
COOL,Majesco Entertainment Company
MMYT,MakeMyTrip Limited
MBUU,Malibu Boats
MLVF,Malvern Bancorp
MAMS,MAM Software Group
MNDL,Mandalay Digital Group
MANH,Manhattan Associates
LOAN,Manhattan Bridge Capital
MNTX,Manitex International
MTEX,Mannatech
MNKD,MannKind Corporation
MANT,ManTech International Corporation
MCHX,Marchex
MARPS,Marine Petroleum Trust
MKTX,MarketAxess Holdings
MKTO,Marketo
MRLN,Marlin Business Services Corp.
FISH,Marlin Midstream Partners
MAR,Marriott International
MBII,Marrone Bio Innovations
MRTN,Marten Transport
MMLP,Martin Midstream Partners L.P.
MRVL,Marvell Technology Group Ltd.
MASI,Masimo Corporation
MASC,Material Sciences Corporation
MTRX,Matrix Service Company
MAT,Mattel
MATR,Mattersight Corporation
MATW,Matthews International Corporation
MFRM,Mattress Firm Holding Corp.
MTSN,Mattson Technology
MXIM,Maxim Integrated Products
MXWL,Maxwell Technologies
MZOR,Mazor Robotics Ltd.
MBFI,MB Financial Inc.
MCGC,MCG Capital Corporation
MGRC,McGrath RentCorp
MDCA,MDC Partners Inc.
MEAS,Measurement Specialties
MCOX,Mecox Lane Limited
TAXI,Medallion Financial Corp.
MDAS,MedAssets
MBIS,Mediabistro Inc.
MDCI,Medical Action Industries Inc.
MNOV,MediciNova
MDSO,Medidata Solutions
MDVN,Medivation
MEIP,MEI Pharma
MELA,MELA Sciences
MPEL,Melco Crown Entertainment Limited
MLNX,Mellanox Technologies
MEMP,Memorial Production Partners LP
MENT,Mentor Graphics Corporation
MTSL,MER Telemanagement Solutions Ltd.
MELI,MercadoLibre
MBWM,Mercantile Bank Corporation
MERC,Mercer International Inc.
MBVT,Merchants Bancshares
MRCY,Mercury Systems Inc
MRGE,Merge Healthcare Incorporated.
MWRX,MergeWorthRx Corp.
VIVO,Meridian Bioscience Inc.
EBSB,Meridian Interstate Bancorp
MMSI,Merit Medical Systems
MACK,Merrimack Pharmaceuticals
MERU,Meru Networks
MSLI,Merus Labs International Inc.
MLAB,Mesa Laboratories
CASH,Meta Financial Group
MBLX,Metabolix
MEOH,Methanex Corporation
MEIL,METHES ENERGIES INTERNATIONAL LTD
MEILW,METHES ENERGIES INTERNATIONAL LTD
MEILZ,METHES ENERGIES INTERNATIONAL LTD
METR,Metro Bancorp
MFRI,MFRI
MGCD,MGC Diagnostics Corporation
MGEE,MGE Energy Inc.
MGPI,MGP Ingredients
MCRL,Micrel
MCHP,Microchip Technology Incorporated
MFI,MicroFinancial Incorporated
MU,Micron Technology
MICT,Micronet Enertec Technologies
MICTW,Micronet Enertec Technologies
MCRS,MICROS Systems
MSCC,Microsemi Corporation
MSFT,Microsoft Corporation
MSTR,MicroStrategy Incorporated
MVIS,Microvision
MPB,Mid Penn Bancorp
MCEP,Mid-Con Energy Partners
MBRG,Middleburg Financial Corporation
MSEX,Middlesex Water Company
MOFG,MidWestOne Financial Group
MDXG,MiMedx Group
MNDO,MIND C.T.I. Ltd.
MRTX,Mirati Therapeutics
MSON,MISONIX
MIND,Mitcham Industries
MITK,Mitek Systems
MITL,Mitel Networks Corporation
MKSI,MKS Instruments
MINI,Mobile Mini
MOCO,MOCON
MLNK,ModusLink Global Solutions
MNTA,Momenta Pharmaceuticals
MCRI,Monarch Casino & Resort
MNRK,Monarch Financial Holdings
MDLZ,Mondelez International
MGI,Moneygram International
MPWR,Monolithic Power Systems
TYPE,Monotype Imaging Holdings Inc.
MNRO,Monro Muffler Brake
MRCC,Monroe Capital Corporation
MNST,Monster Beverage Corporation
MONT,Montage Technology Group Limited
MHGC,Morgans Hotel Group Co.
MORN,Morningstar
MOSY,MoSys
MPAA,Motorcar Parts of America
MOVE,Move
MSBF,MSB Financial Corp.
MNTG,MTR Gaming Group
MTSC,MTS Systems Corporation
LABL,Multi-Color Corporation
MFLX,Multi-Fineline Electronix
MGAM,Multimedia Games Holding Company
MFSF,MutualFirst Financial Inc.
MWIV,MWI Veterinary Supply
MYL,Mylan Inc.
MYRG,MYR Group
MYGN,Myriad Genetics
NANO,Nanometrics Incorporated
NSPH,Nanosphere
NSTG,NanoString Technologies
NSSC,NAPCO Security Technologies
NASB,NASB Financial Inc.
QQQX,NASDAQ Premium Income and Growth Fund Inc.
NATH,Nathan&#39;s Famous
NAUH,National American University Holdings
NKSH,National Bankshares
FIZZ,National Beverage Corp.
NCMI,National CineMedia
NGHC,National General Holdings Corp
NATI,National Instruments Corporation
NATL,National Interstate Corporation
NPBC,National Penn Bancshares
NRCIA,National Research Corporation
NRCIB,National Research Corporation
NSEC,National Security Group
NWLI,National Western Life Insurance Company
NAII,Natural Alternatives International
NATR,Nature&#39;s Sunshine Products
BABY,Natus Medical Incorporated
NVSL,Naugatuck Valley Financial Corporation
NBTF,NB&T FINANCIAL GROUP INC
NBTB,NBT Bancorp Inc.
NCIT,NCI
NKTR,Nektar Therapeutics
NEOG,Neogen Corporation
NEO,NeoGenomics
NEON,Neonode Inc.
NBS,Neostem
NRX,NephroGenex
NEPT,Neptune Technologies & Bioresources Inc
UEPS,Net 1 UEPS Technologies
NETE,Net Element
NTAP,NetApp
NTES,NetEase
NFLX,Netflix
NTGR,NETGEAR
NLST,Netlist
NTCT,NetScout Systems
NTWK,NetSol Technologies Inc.
NBIX,Neurocrine Biosciences
NURO,NeuroMetrix
NCBC,New Century Bancorp
NHTB,New Hampshire Thrift Bancshares
NYMT,New York Mortgage Trust
NYMTP,New York Mortgage Trust
NBBC,NewBridge Bancorp
NEWL,NewLead Holdings Ltd.
NLNK,NewLink Genetics Corporation
NEWP,Newport Corporation
NWS,News Corporation
NWSA,News Corporation
NEWS,NewStar Financial
NEWT,Newtek Business Services Inc.
NXST,Nexstar Broadcasting Group
NFEC,NF Energy Saving Corporation
NGPC,NGP Capital Resources Company
EGOV,NIC Inc.
NICE,NICE-Systems Limited
NICK,Nicholas Financial
NIHD,NII Holdings
NINE,Ninetowns Internet Technology Group Company Limited
NMIH,NMI Holdings Inc
NNBR,NN
NDLS,Noodles & Company
NDSN,Nordson Corporation
NSYS,Nortech Systems Incorporated
NTK,Nortek Inc.
NOVB,North Valley Bancorp
NBN,Northeast Bancorp
NECB,Northeast Community Bancorp
NTIC,Northern Technologies International Corporation
NTRS,Northern Trust Corporation
NFBK,Northfield Bancorp
NRIM,Northrim BanCorp Inc
NWBI,Northwest Bancshares
NWBO,Northwest Biotherapeutics
NWBOW,Northwest Biotherapeutics
NWPX,Northwest Pipe Company
NCLH,Norwegian Cruise Line Holdings Ltd.
NWFL,Norwood Financial Corp.
NVFY,Nova Lifestyle
NVMI,Nova Measuring Instruments Ltd.
NVDQ,Novadaq Technologies Inc
NVTL,Novatel Wireless
NVAX,Novavax
NVGN,Novogen Limited
NPSP,NPS Pharmaceuticals
NTLS,NTELOS Holdings Corp.
NUAN,Nuance Communications
NMRX,Numerex Corp.
NUTR,Nutraceutical International Corporation
NTRI,NutriSystem Inc
NUVA,NuVasive
NVEE,NV5 Holdings
NVEEW,NV5 Holdings
NVEC,NVE Corporation
NVDA,NVIDIA Corporation
NXPI,NXP Semiconductors N.V.
NXTM,NxStage Medical
NYMX,Nymox Pharmaceutical Corporation
OIIM,O2Micro International Limited
OVLY,Oak Valley Bancorp (CA)
OBAF,OBA Financial Services
OBCI,Ocean Bio-Chem
OPTT,Ocean Power Technologies
ORIG,Ocean Rig UDW Inc.
OSHC,Ocean Shore Holding Co.
OCFC,OceanFirst Financial Corp.
OCRX,Ocera Therapeutics
OCLR,Oclaro
OFED,Oconee Federal Financial Corp.
OCLS,Oculus Innovative Sciences
OMEX,Odyssey Marine Exploration
OFS,OFS Capital Corporation
OVBC,Ohio Valley Banc Corp.
OHRP,Ohr Pharmaceuticals
ODFL,Old Dominion Freight Line
OLBK,Old Line Bancshares
ONB,Old National Bancorp
OPOF,Old Point Financial Corporation
OSBC,Old Second Bancorp
OSBCP,Old Second Bancorp
ZEUS,Olympic Steel
OFLX,Omega Flex
OMER,Omeros Corporation
OABC,OmniAmerican Bancorp
OMCL,Omnicell
OVTI,OmniVision Technologies
ONNN,ON Semiconductor Corporation
OTIV,On Track Innovations Ltd
OGXI,OncoGenex Pharmaceuticals Inc.
ONCY,Oncolytics Biotech
OMED,OncoMed Pharmaceuticals
ONTX,Onconova Therapeutics
ONTY,Oncothyreon Inc.
ONFC,Oneida Financial Corp.
ONVI,Onvia
OTEX,Open Text Corporation
OPEN,OpenTable
OPXA,Opexa Therapeutics
OPHT,Ophthotech Corporation
OPLK,Oplink Communications
OBAS,Optibase Ltd.
OCC,Optical Cable Corporation
OPHC,OptimumBank Holdings
ORMP,Oramed Pharmaceuticals Inc.
OSUR,OraSure Technologies
ORBC,ORBCOMM Inc.
ORBT,Orbit International Corporation
ORBK,Orbotech Ltd.
ORLY,O&#39;Reilly Automotive
OREX,Orexigen Therapeutics
SEED,Origin Agritech Limited
ORIT,Oritani Financial Corp.
ORRF,Orrstown Financial Services Inc
OFIX,Orthofix International N.V.
OSIS,OSI Systems
OSIR,Osiris Therapeutics
OSN,Ossen Innovation Co.
OTEL,Otelco Inc.
OTTR,Otter Tail Corporation
OUTR,Outerwall Inc.
OVAS,Ovascience Inc.
OVRL,Overland Storage
OSTK,Overstock.com
OXFD,Oxford Immunotec Global PLC
OXLC,Oxford Lane Capital Corp.
OXLCO,Oxford Lane Capital Corp.
OXLCP,Oxford Lane Capital Corp.
OXGN,OXiGENE
OXBT,Oxygen Biotherapeutics
PFIN,P & F Industries
PTSI,P.A.M. Transportation Services
PCAR,PACCAR Inc.
PACR,Pacer International
PACB,Pacific Biosciences of California
PCBK,Pacific Continental Corporation (Ore)
PEIX,Pacific Ethanol
PMBC,Pacific Mercantile Bancorp
PPBI,Pacific Premier Bancorp Inc
PSUN,Pacific Sunwear of California
PCRX,Pacira Pharmaceuticals
PACT          ,Pactera Technology International Ltd
PACW,PacWest Bancorp
PTIE,Pain Therapeutics
PLMT,Palmetto Bancshares
PAAS,Pan American Silver Corp.
PNRA,Panera Bread Company
PZZA,Papa John&#39;S International
PRGN,Paragon Shipping Inc.
PAMT,Parametric Sound Corp.
PRXL,PAREXEL International Corporation
PCYG,Park City Group
PSTB,Park Sterling Corporation
PKBK,Parke Bancorp
PRKR,ParkerVision
PKOH,Park-Ohio Holdings Corp.
PTNR,Partner Communications Company Ltd.
PBHC,Pathfinder Bancorp
PATK,Patrick Industries
PNBK,Patriot National Bancorp Inc.
PATR,Patriot Transportation Holding
PEGI,Pattern Energy Group Inc.
PDCO,Patterson Companies
PTEN,Patterson-UTI Energy
PLCC,Paulson Capital Corp.
PAYX,Paychex
PCCC,PC Connection
PCMI,PCM
PCTI,PC-Tel
PDCE,PDC Energy
PDFS,PDF Solutions
PDII,PDI
PDLI,PDL BioPharma
PGC,Peapack-Gladstone Financial Corporation
PRLS,Peerless Systems Corporation
PEGA,Pegasystems Inc.
PCO,Pendrell Corporation
PENX,Penford Corporation
PENN,Penn National Gaming
PFLT,PennantPark Floating Rate Capital Ltd.
PNNT,PennantPark Investment Corporation
PWOD,Penns Woods Bancorp
PEBO,Peoples Bancorp Inc.
PEBK,Peoples Bancorp of North Carolina
PEOP,Peoples Federal Bancshares
PFBX,Peoples Financial Corporation
PBCT,People&#39;s United Financial
PRCP,Perceptron
PPHM,Peregrine Pharmaceuticals Inc.
PPHMP,Peregrine Pharmaceuticals Inc.
PSMI,Peregrine Semiconductor Corp.
PWRD,Perfect World Co.
PRFT,Perficient
PFMT,Performant Financial Corporation
PERF,Perfumania Holdings
PSEM,Pericom Semiconductor Corporation
PERI,Perion Network Ltd
PESI,Perma-Fix Environmental Services
PTX,Pernix Therapeutics Holdings
PERY,Perry Ellis International Inc.
PETS,PetMed Express
PETM,PetSmart
PFSW,PFSweb
PGTI,PGT
PCYC,Pharmacyclics
PHII,PHI
PHIIK,PHI
PHMD,PhotoMedex
PLAB,Photronics
PICO,PICO Holdings Inc.
PPC,Pilgrim&#39;s Pride Corporation
PME,Pingtan Marine Enterprise Ltd.
PNFP,Pinnacle Financial Partners
PPSI,Pioneer Power Solutions
PXLW,Pixelworks
PZZI,Pizza Inn Holdings
PLNR,Planar Systems
PLPM,Planet Payment
PLXS,Plexus Corp.
PLUG,Plug Power
PLBC,Plumas Bancorp
PSTI,Pluristem Therapeutics
PLXT,PLX Technology
PMCS,PMC - Sierra
PMCT,PMC Commercial Trust
PMFG,PMFG
PBSK,Poage Bankshares
PTSX,Point.360
PNTR,Pointer Telocation Ltd.
PCOM,Points International
PTEK,PokerTek
PBCP,Polonia Bancorp
PLCM,Polycom
POOL,Pool Corporation
POPE,Pope Resources
PLKI,Popeyes Louisiana Kitchen
BPOP,Popular
BPOPM,Popular
BPOPN,Popular
PBIB,Porter Bancorp
PRAA,Portfolio Recovery Associates
PTLA,Portola Pharmaceuticals
PSTR,PostRock Energy Corporation
PBPB,Potbelly Corporation
PCH,Potlatch Corporation
POWL,Powell Industries
POWI,Power Integrations
PSIX,Power Solutions International
PRFZ,PowerShares FTSE RAFI US 1500 Small-Mid Portfolio
PAGG,PowerShares Global Agriculture Portfolio
PSAU,PowerShares Global Gold & Precious Metals Portfolio
IPKW,PowerShares International BuyBack Achievers Portfolio
PNQI,PowerShares NASDAQ Internet Portfolio
QQQ,PowerShares QQQ Trust
PSCD,PowerShares S&P SmallCap Consumer Discretionary Portfolio
PSCC,PowerShares S&P SmallCap Consumer Staples Portfolio
PSCE,PowerShares S&P SmallCap Energy Portfolio
PSCF,PowerShares S&P SmallCap Financials Portfolio
PSCH,PowerShares S&P SmallCap Health Care Portfolio
PSCI,PowerShares S&P SmallCap Industrials Portfolio
PSCT,PowerShares S&P SmallCap Information Technology Portfolio
PSCM,PowerShares S&P SmallCap Materials Portfolio
PSCU,PowerShares S&P SmallCap Utilities Portfolio
POZN,Pozen
PRAN,Prana Biotechnology Ltd
PFBC,Preferred Bank
PLPC,Preformed Line Products Company
PRXI,Premier Exhibitions
PFBI,Premier Financial Bancorp
PINC,Premier
PRGX,PRGX Global
PCLN,priceline.com Incorporated
PSMT,PriceSmart
PBMD,Prima BioMed Ltd
PNRG,PrimeEnergy Corporation
PRMW,Primo Water Corporation
PRIM,Primoris Services Corporation
PVTB,PrivateBancorp
PVTBP,PrivateBancorp
PKT,Procera Networks
PDEX,Pro-Dex
IPDN,Professional Diversity Network
PGNX,Progenics Pharmaceuticals Inc.
PRGS,Progress Software Corporation
PFPT,Proofpoint
PRPH,ProPhase Labs
RNA,Prosensa Holding N.V.
BIB,ProShares Ultra Nasdaq Biotechnology
TQQQ,ProShares UltraPro QQQ
SQQQ,ProShares UltraPro Short QQQ 
BIS,ProShares UltraShort Nasdaq Biotechnology
PSEC,Prospect Capital Corporation
PGRX,Prospect Global Resources Inc.
PRTA,Prothena Corporation plc
PWX,Providence and Worcester Railroad Company
PROV,Provident Financial Holdings
PBIP,Prudential Bancorp
PSBH,PSB Holdings
PSDV,pSivida Corp.
PMD,Psychemedics Corporation
PTC,PTC Inc.
PTCT,PTC Therapeutics
PULB,Pulaski Financial Corp.
PCYO,Pure Cycle Corporation
QADA,QAD Inc.
QADB,QAD Inc.
QCCO,QC Holdings
QCRH,QCR Holdings
QGEN,Qiagen N.V.
QIWI,QIWI plc
QKLS,QKL Stores
QLIK,Qlik Technologies Inc.
QLGC,QLogic Corporation
QLTI,QLT Inc.
QCOM,QUALCOMM Incorporated
QLTY,Quality Distribution
QSII,Quality Systems
QBAK,Qualstar Corporation
QLYS,Qualys
QTWW,Quantum Fuel Systems Technologies Worldwide
QTET,Quartet Merger Corp.
QTETR,Quartet Merger Corp.
QTETU,Quartet Merger Corp.
QCOR,Questcor Pharmaceuticals
QUIK,QuickLogic Corporation
QDEL,Quidel Corporation
QPAC,Quinpario Acquisiton corp.
QPACU,Quinpario Acquisiton corp.
QPACW,Quinpario Acquisiton corp.
QNST,QuinStreet
QUMU,Qumu Corporation
QUNR,Qunar Cayman Islands Limited
DFZ,R.G. Barry Corporation
RRD,R.R. Donnelley & Sons Company
RADA,Rada Electronics Industries Limited
RDCM,Radcom Ltd.
ROIA,Radio One
ROIAK,Radio One
RSYS,RadiSys Corporation
RDNT,RadNet
RDWR,Radware Ltd.
RMBS,Rambus
RAND,Rand Capital Corporation
RLOG,Rand Logistics
GOLD,Randgold Resources Limited
RPTP,Raptor Pharmaceutical Corp.
RAVN,Raven Industries
ROLL,RBC Bearings Incorporated
RCMT,RCM Technologies
RDA,RDA Microelectronics
RLOC,ReachLocal
RDI,Reading International Inc
RDIB,Reading International Inc
RGSE,Real Goods Solar
RNWK,RealNetworks
RP,RealPage
RCPT,Receptos
QYLD,Recon Capital NASDAQ-100 Covered Call ETF
RCON,Recon Technology
REPH,Recro Pharma
RRGB,Red Robin Gourmet Burgers
RDHL,Redhill Biopharma Ltd.
REDF,Rediff.com India Limited
RGDO,Regado BioSciences
REGN,Regeneron Pharmaceuticals
RGLS,Regulus Therapeutics Inc.
REIS,Reis
RELV,Reliv&#39; International
RLYP,Relypsa
MARK,Remark Media
REMY,Remy International
RNST,Renasant Corporation
REGI,Renewable Energy Group
RCII,Rent-A-Center Inc.
RTK,Rentech
RENT,Rentrak Corporation
RGEN,Repligen Corporation
RPRX,Repros Therapeutics Inc.
RPRXW,Repros Therapeutics Inc.
RPRXZ,Repros Therapeutics Inc.
RJET,Republic Airways Holdings
RBCAA,Republic Bancorp
FRBK,Republic First Bancorp
REFR,Research Frontiers Incorporated
REXI,Resource America
RECN,Resources Connection
RGDX,Response Genetics
ROIC,Retail Opportunity Investments Corp.
ROICU,Retail Opportunity Investments Corp.
ROICW,Retail Opportunity Investments Corp.
SALE,RetailMeNot
RTRX,Retrophin
RVNC,Revance Therapeutics
RVLT,Revolution Lighting Technologies
REXX,Rex Energy Corporation
RFIL,RF Industries
RFMD,RF Micro Devices
RGCO,RGC Resources Inc.
RIBT,RiceBran Technologies
RIBTW,RiceBran Technologies
RELL,Richardson Electronics
RICK,Rick&#39;s Cabaret International
RIGL,Rigel Pharmaceuticals
RNET,RigNet
RITT,RIT Technologies Ltd.
RITTW,RIT Technologies Ltd.
RIVR,River Valley Bancorp.
RVBD,Riverbed Technology
RVSB,Riverview Bancorp Inc
RLJE,RLJ Entertainment
RMGN,RMG Networks Holding Corporation
ROBO,Robo-Stox Global Robotics and Automation Index ETF
FUEL,Rocket Fuel Inc.
RCKB,Rockville Financial
RMTI,Rockwell Medical
RCKY,Rocky Brands
RMCF,Rocky Mountain Chocolate Factory
RSTI,Rofin-Sinar Technologies
ROIQ,ROI Acquisition Corp. II
ROIQU,ROI Acquisition Corp. II
ROIQW,ROI Acquisition Corp. II
ROSG,Rosetta Genomics Ltd.
ROSE,Rosetta Resources Inc.
ROST,Ross Stores
ROVI,Rovi Corporation
RBPAA,Royal Bancshares of Pennsylvania
RGLD,Royal Gold
ROYL,Royale Energy
FUND,Royce Focus Trust
RPXC,RPX Corporation
RRST,RRSat Global Communications Network Ltd.
RTIX,RTI Surgical
RBCN,Rubicon Technology
RUSHA,Rush Enterprises
RUSHB,Rush Enterprises
RUTH,Ruth&#39;s Hospitality Group
RXII,RXI Pharmaceuticals Corporation
RYAAY,Ryanair Holdings plc
STBA,S&T Bancorp
SANW,S&W Seed Company
SANWZ,S&W Seed Company
SYBT,S.Y. Bancorp
SBRA,Sabra Healthcare REIT
SBRAP,Sabra Healthcare REIT
SAEX,SAExploration Holdings
SAFT,Safety Insurance Group
SGNT,Sagent Pharmaceuticals
SAIA,Saia
SALM,Salem Communications Corporation
SAL,Salisbury Bancorp
SLXP,Salix Pharmaceuticals
SAFM,Sanderson Farms
SNDK,SanDisk Corporation
SASR,Sandy Spring Bancorp
SGMO,Sangamo BioSciences
SANM,Sanmina Corporation
GCVRZ,Sanofi
SPNS,Sapiens International Corporation N.V.
SAPE,Sapient Corporation
SRPT,Sarepta Therapeutics
SBFG,SB Financial Group
SBAC,SBA Communications Corporation
SCSC,ScanSource
SMIT,Schmitt Industries
SCHN,Schnitzer Steel Industries
SCHL,Scholastic Corporation
SCLN,SciClone Pharmaceuticals
SGMS,Scientific Games Corp
SQI,SciQuest
SEAC,SeaChange International
SBCF,Seacoast Banking Corporation of Florida
STX,Seagate Technology.
SHIP,Seanergy Maritime Holdings Corp
SHLD,Sears Holdings Corporation
SHOS,Sears Hometown and Outlet Stores
SGEN,Seattle Genetics
SNFCA,Security National Financial Corporation
SEIC,SEI Investments Company
SCSS,Select Comfort Corporation
SLTC,Selectica
SIGI,Selective Insurance Group
LEDS,SemiLEDS Corporation
SMLR,Semler Scientific
SMTC,Semtech Corporation
SENEA,Seneca Foods Corp.
SENEB,Seneca Foods Corp.
SNMX,Senomyx
SQNM,Sequenom
SQBG,Sequential Brands Group
SREV,ServiceSource International
SEV,Sevcon
SVBI,Severn Bancorp Inc
SFXE,SFX Entertainment
SGOC,SGOCO Group
GAME,Shanda Games Limited
SMED,Sharps Compliance Corp
SHEN,Shenandoah Telecommunications Co
SHLO,Shiloh Industries
SHPG,Shire plc
SCVL,Shoe Carnival
SHBI,Shore Bancshares Inc
SHOR,ShoreTel
SFLY,Shutterfly
SIFI,SI Financial Group
SIEB,Siebert Financial Corp.
BSRR,Sierra Bancorp
SWIR,Sierra Wireless
SIFY,Sify Technologies Limited
SIGA,SIGA Technologies Inc.
SIGM,Sigma Designs
SIAL,Sigma-Aldrich Corporation
SGMA,SigmaTron International
SBNY,Signature Bank
SBNYW,Signature Bank
SLGN,Silgan Holdings Inc.
SILC,Silicom Ltd
SGI,Silicon Graphics International Corp
SIMG,Silicon Image
SLAB,Silicon Laboratories
SIMO,Silicon Motion Technology Corporation
SPIL,Siliconware Precision Industries Company
EAGL,Silver Eagle Acquisition Corp.
EAGLU,Silver Eagle Acquisition Corp.
EAGLW,Silver Eagle Acquisition Corp.
SSRI,Silver Standard Resources Inc.
SAMG,Silvercrest Asset Management Group Inc.
SFNC,Simmons First National Corporation
SMPL,Simplicity Bancorp Inc.
SLP,Simulations Plus
SINA,Sina Corporation
SBGI,Sinclair Broadcast Group
SCOK,SinoCoking Coal and Coke Chemical Industries
SINO,Sino-Global Shipping America
SVA,Sinovac Biotech
SIRI,Sirius XM Holdings Inc.
SIRO,Sirona Dental Systems
SZMK,Sizmek Inc.
SKUL,Skullcandy
MOBI,Sky-mobi Limited
SPU,SkyPeople Fruit Juice
SKBI,Skystar Bio-Pharmaceutical Company
SKYW,SkyWest
SWKS,Skyworks Solutions
ISM,SLM Corporation
JSM,SLM Corporation
OSM,SLM Corporation
SLM,SLM Corporation
SLMAP,SLM Corporation
SLMBP,SLM Corporation
SMT,SMART Technologies Inc.
SPRO,SmartPros Ltd.
SWHC,Smith & Wesson Holding Corporation
SMSI,Smith Micro Software
SMTX,SMTC Corporation
SMTP,SMTP
LNCE,Snyder&#39;s-Lance
SODA,SodaStream International Ltd.
SOHU,Sohu.com Inc.
SLRC,Solar Capital Ltd.
SUNS,Solar Senior Capital Ltd.
SCTY,SolarCity Corporation
SZYM,Solazyme
SONC,Sonic Corp.
SOFO,Sonic Foundry
SONS,Sonus Networks
SPHS,Sophiris Bio
SORL,SORL Auto Parts
SRNE,Sorrento Therapeutics
SOHO,Sotherly Hotels Inc.
SOHOL,Sotherly Hotels LP
SFBC,Sound Financial Bancorp
SOCB,Southcoast Financial Corporation
SFST,Southern First Bancshares
SMBC,Southern Missouri Bancorp
SONA,Southern National Bancorp of Virginia
SBSI,Southside Bancshares
OKSB,Southwest Bancorp
SPBC,SP Bancorp
SP,SP Plus Corporation
SPAN,Span-America Medical Systems
SBSA,Spanish Broadcasting System
SGRP,SPAR Group
SPAR,Spartan Motors
SPTN,Spartan Stores
SPPI,Spectrum Pharmaceuticals
SPDC,Speed Commerce
SPEX,Spherix Incorporated
SAVE,Spirit Airlines
SPLK,Splunk Inc.
SPCHA,Sport Chalet
SPCHB,Sport Chalet
SFM,Sprouts Farmers Market
SPSC,SPS Commerce
SSNC,SS&C Technologies Holdings
STAA,STAAR Surgical Company
STMP,Stamps.com Inc.
STLY,Stanley Furniture Company
SPLS,Staples
SBLK,Star Bulk Carriers Corp.
STSI,Star Scientific
SBUX,Starbucks Corporation
STRZA,Starz
STRZB,Starz
STFC,State Auto Financial Corporation
STBZ,State Bank Financial Corporation.
SIBC,State Investors Bancorp
GASS,StealthGas
STLD,Steel Dynamics
SMRT,Stein Mart
STNR,Steiner Leisure Limited
STEM,StemCells
STML,Stemline Therapeutics
STXS,Stereotaxis
SRCL,Stericycle
STRL,Sterling Construction Company Inc
STSA,Sterling Financial Corporation
SHOO,Steven Madden
SSFN,Stewardship Financial Corp
STCK,Stock Building Supply Holdings
BANX,StoneCastle Financial Corp
SSYS,Stratasys
STRT,Strattec Security Corporation
STRS,Stratus Properties
STRA,Strayer Education
STRM,Streamline Health Solutions
STB,Student Transportation Inc
SCMP,Sucampo Pharmaceuticals
SUBK,Suffolk Bancorp
SUMR,Summer Infant
SMMF,Summit Financial Group
SSBI,Summit State Bank
SNBC,Sun Bancorp
SNHY,Sun Hydraulics Corporation
SNSS,Sunesis Pharmaceuticals
GOMO,Sungy Mobile Limited
STKL,SunOpta
SPWR,SunPower Corporation
SSH,Sunshine Heart Inc
SMCI,Super Micro Computer
SPCB,SuperCom
SCON,Superconductor Technologies Inc.
SGC,Superior Uniform Group
SUPN,Supernus Pharmaceuticals
SPPR,Supertel Hospitality
SPPRO,Supertel Hospitality
SPPRP,Supertel Hospitality
SUPX,Supertex
SPRT,support.com
SCAI,Surgical Care Affiliates
SRDX,SurModics
SUSQ,Susquehanna Bancshares
SBBX,Sussex Bancorp
SUTR,Sutor Technology Group Limited
STRN,Sutron Corporation
SIVB,SVB Financial Group
SIVBO,SVB Financial Group
SWSH,Swisher Hygiene
SYKE,Sykes Enterprises
SYMC,Symantec Corporation
SYNC,Synacor
GEVA,Synageva BioPharma Corp.
SYNL,Synalloy Corporation
SYNA,Synaptics Incorporated
SNCR,Synchronoss Technologies
SURG,Synergetics USA
SGYP,Synergy Pharmaceuticals
SGYPU,Synergy Pharmaceuticals
SGYPW,Synergy Pharmaceuticals
ELOS,Syneron Medical Ltd.
SNPS,Synopsys
SNTA,Synta Pharmaceuticals Corp.
SYNT,Syntel
SYMX,Synthesis Energy Systems
SYNM,Syntroleum Corporation
SYUT,Synutra International
SYPR,Sypris Solutions
TROW,T. Rowe Price Group
TAIT,Taitron Components Incorporated
TTWO,Take-Two Interactive Software
TLMR,Talmer Bancorp
TNDM,Tandem Diabetes Care
TLF,Tandy Leather Factory
TNGO,Tangoe
TRGT,Targacept
TASR,TASER International
TATT,TAT Technologies Ltd.
TAYC,Taylor Capital Group
TAYCO,Taylor Capital Group
TAYCP,Taylor Capital Group
TAYD,Taylor Devices
TCPC,TCP Capital Corp.
TEAR,TearLab Corporation
TECD,Tech Data Corporation
TECH,Techne Corporation
TCCO,Technical Communications Corporation
TTGT,TechTarget
TGLS,Tecnoglass Inc.
TECUA,Tecumseh Products Company
TECUB,Tecumseh Products Company
TKMR,Tekmira Pharmaceuticals Corp
TSYS,TeleCommunication Systems
TNAV,TeleNav
TTEC,TeleTech Holdings
TELK,Telik
TBNK,Territorial Bancorp Inc.
TSRO,TESARO
TESO,Tesco Corporation
TSLA,Tesla Motors
TESS,TESSCO Technologies Incorporated
TSRA,Tessera Technologies
TTEK,Tetra Tech
TLOG,TetraLogic Pharmaceuticals Corporation
TTPH,Tetraphase Pharmaceuticals
TCBI,Texas Capital Bancshares
TCBIL,Texas Capital Bancshares
TCBIP,Texas Capital Bancshares
TCBIW,Texas Capital Bancshares
TXN,Texas Instruments Incorporated
TXRH,Texas Roadhouse
THRD,TF Financial Corporation
TFSL,TFS Financial Corporation
TGTX,TG Therapeutics
TGE,TGC Industries
ABCO,The Advisory Board Company
ANDE,The Andersons
TBBK,The Bancorp
BKYF,The Bank of Kentucky Financial Corp.
BONT,The Bon-Ton Stores
CG,The Carlyle Group L.P.
CAKE,The Cheesecake Factory Incorporated
CHEF,The Chefs&#39; Warehouse
PLCE,The Children&#39;s Place Retail Stores
TCFC,The Community Financial Corporation
DSGX,The Descartes Systems Group Inc.
DXYN,The Dixie Group
ENSG,The Ensign Group
XONE,The ExOne Company
FINL,The Finish Line
FBMS,The First Bancshares
FLIC,The First of Long Island Corporation
TFM,The Fresh Market
GT,The Goodyear Tire & Rubber Company
GTPPP,The Goodyear Tire & Rubber Company
HCKT,The Hackett Group
HAIN,The Hain Celestial Group
CUBA,The Herzfeld Caribbean Basin Fund
INTG,The Intergroup Corporation
KEYW,The KEYW Holding Corporation
MSG,The Madison Square Garden Company
TMNG,The Management Network Group
MDCO,The Medicines Company
MIDD,The Middleby Corporation
NDAQ,The NASDAQ OMX Group
NAVG,The Navigators Group
PTRY,The Pantry
PRSC,The Providence Service Corporation
SPNC,The Spectranetics Corporation
ULTI,The Ultimate Software Group
WTSL,The Wet Seal
YORW,The York Water Company
NCTY,The9 Limited
THRX,Theravance
TST,TheStreet
TCRD,THL Credit
THOR,Thoratec Corporation
THLD,Threshold Pharmaceuticals
THTI,THT Heat Transfer Technology
OINK,Tianli Agritech
TIBX,TIBCO Software
TICC,TICC Capital Corp.
TIGR,TigerLogic Corporation
TTS,Tile Shop Hldgs
TSBK,Timberland Bancorp
TIPT,Tiptree Financial Inc.
TITN,Titan Machinery Inc.
TIVO,TiVo Inc.
TNXP,Tonix Pharmaceuticals Holding Corp.
TISA,Top Image Systems
TOPS,TOP Ships Inc.
TORM          ,TOR Minerals International Inc
TRCH,Torchlight Energy Resources
TRNX,Tornier N.V.
TOFC,Tower Financial Corporation
TWGP,Tower Group International
TSEM,Tower Semiconductor Ltd.
TWER,Towerstream Corporation
CLUB,Town Sports International Holdings
TOWN,Towne Bank
TSCO,Tractor Supply Company
TSRE,Trade Street Residential
TWMC,Trans World Entertainment Corp.
TACT,TransAct Technologies Incorporated
TRNS,Transcat
TSPT,Transcept Pharmaceuticals
TGA,Transglobe Energy Corp
TTHI,Transition Therapeutics
TZOO,Travelzoo Inc.
TREE,Tree.com
TRVN,Trevena
TCBK,TriCo Bancshares
TRS,TriMas Corporation
TRMB,Trimble Navigation Limited
TRIB,Trinity Biotech plc
TRIP,TripAdvisor
TQNT,TriQuint Semiconductor
TSC,TriState Capital Holdings
TRIT,Tri-Tech Holding Inc.
TROV,TrovaGene
TROVU,TrovaGene
TROVW,TrovaGene
THST,Truett-Hurst
TBOW,Trunkbow International Holdings Ltd.
TRST,TrustCo Bank Corp NY
TRMK,Trustmark Corporation
TSRI,TSR
TTMI,TTM Technologies
TCX,Tucows Inc.
TUES,Tuesday Morning Corp.
TWTC,tw telecom inc.
FOX,Twenty-First Century Fox
FOXA,Twenty-First Century Fox
TWIN,Twin Disc
TRCB,Two River Bancorp
USCR,U S Concrete
PRTS,U.S. Auto Parts Network
USEG,U.S. Energy Corp.
GROW,U.S. Global Investors
UBIC,UBIC
UBNT,Ubiquiti Networks
UFPT,UFP Technologies
ULTA,Ulta Salon
UCTT,Ultra Clean Holdings
RARE,Ultragenyx Pharmaceutical Inc.
ULBI,Ultralife Corporation
ULTR,Ultrapetrol (Bahamas) Limited
UTEK,Ultratech
UMBF,UMB Financial Corporation
UMPQ,Umpqua Holdings Corporation
UNAM,Unico American Corporation
UNIS,Unilife Corporation
UNB,Union Bankshares
UBSH,Union First Market Bankshares Corporation
UNXL,Uni-Pixel
QURE,uniQure N.V.
UBCP,United Bancorp
UBOH,United Bancshares
UBSI,United Bankshares
UCBA,United Community Bancorp
UCBI,United Community Banks
UCFC,United Community Financial Corp.
UBNK,United Financial Bancorp
UFCS,United Fire Group
UIHC,United Insurance Holdings Corp.
UNFI,United Natural Foods
UNTD,United Online
UBFO,United Security Bancshares
USBI,United Security Bancshares
USLM,United States Lime & Minerals
USTR,United Stationers Inc.
UTHR,United Therapeutics Corporation
UG,United-Guardian
UNTK,UniTek Global Services
UNTY,Unity Bancorp
OLED,Universal Display Corporation
UEIC,Universal Electronics Inc.
UFPI,Universal Forest Products
USAP,Universal Stainless & Alloy Products
UACL,Universal Truckload Services
UVSP,Univest Corporation of Pennsylvania
UPIP,Unwired Planet
URRE,Uranium Resources
URBN,Urban Outfitters
UPI,Uroplasty
ECOL,US Ecology
USMO,USA Mobility
USAT,USA Technologies
USATP,USA Technologies
USAK,USA Truck
USMD,USMD Holdings
UTMD,Utah Medical Products
UTIW,UTi Worldwide Inc.
UTSI,UTStarcom Holdings Corp
VYFC,Valley Financial Corporation
VLYWW,Valley National Bancorp
VALU,Value Line
VVTV,ValueVision Media
VNDA,Vanda Pharmaceuticals Inc.
VWOB,Vanguard Emerging Markets Government Bond ETF
VNQI,Vanguard Global ex-U.S. Real Estate ETF
VGIT,Vanguard Intermediate -Term Government Bond ETF
VCIT,Vanguard Intermediate-Term Corporate Bond ETF
VCLT,Vanguard Long-Term Corporate Bond ETF
VGLT,Vanguard Long-Term Government Bond ETF
VMBS,Vanguard Mortgage-Backed Securities ETF
VNR,Vanguard Natural Resources LLC
VNRAP,Vanguard Natural Resources LLC
VNRBP,Vanguard Natural Resources LLC
VONE,Vanguard Russell 1000 ETF
VONG,Vanguard Russell 1000 Growth ETF
VONV,Vanguard Russell 1000 Value ETF
VTWO,Vanguard Russell 2000 ETF
VTWG,Vanguard Russell 2000 Growth ETF
VTWV,Vanguard Russell 2000 Value ETF
VTHR,Vanguard Russell 3000 ETF
VCSH,Vanguard Short-Term Corporate Bond ETF
VGSH,Vanguard Short-Term Government ETF
VTIP,Vanguard Short-Term Inflation-Protected Securities Index Fund
BNDX,Vanguard Total International Bond ETF
VXUS,Vanguard Total International Stock ETF
VRNS,Varonis Systems
VDSI,VASCO Data Security International
VASC,Vascular Solutions
WOOF,VCA Antech
VECO,Veeco Instruments Inc.
TVIZ,VelocityShares Daily 2x VIX Medium Term ETN
ASDR,VelocityShares Emerging Asia DR ETF
EMDR,VelocityShares Emerging Markets DR ETF
ERW,VelocityShares Equal Risk Weighted Large Cap ETF
RUDR,VelocityShares Russia Select DR ETF
APPY,Venaxis
VTUS,Ventrus Biosciences
VRA,Vera Bradley
VCYT,Veracyte
VSTM,Verastem
VRNT,Verint Systems Inc.
VRSN,VeriSign
VRSK,Verisk Analytics
VRML,Vermillion
VTNR,Vertex Energy
VRTX,Vertex Pharmaceuticals Incorporated
VRTA,Vestin Realty Mortgage I
VRTB,Vestin Realty Mortgage II
VIA,Viacom Inc.
VIAB,Viacom Inc.
VSAT,ViaSat
VIAS,Viasystems Group
VICL,Vical Incorporated
VICR,Vicor Corporation
VUSE,Vident Core US Equity ETF
VIDI,Vident International Equity Fund
VIDE,Video Display Corporation
VPFG,ViewPoint Financial Group
VIEW,Viewtran Group
VBFC,Village Bank and Trust Financial Corp.
VLGEA,Village Super Market
VIMC,Vimicro International Corporation
VIP,VimpelCom Ltd.
VIRC,Virco Manufacturing Corporation
VSCP,VirtualScopics
VRTS,Virtus Investment Partners
VRTU,Virtusa Corporation
VISN,VisionChina Media
VSCI,Vision-Sciences
VPRT,Vistaprint N.V.
VITC,Vitacost.com
VTSS,Vitesse Semiconductor Corporation
VTNC,Vitran Corporation
VVUS,VIVUS
VOCS,Vocus
VOD,Vodafone Group Plc
VOLC,Volcano Corporation
VLTC,Voltari Corporation
VOXX,VOXX International Corporation
VRNG,Vringo
VRNGW,Vringo
VSEC,VSE Corporation
WRES,Warren Resources
WBCO,Washington Banking Company
WAFD,Washington Federal
WAFDW,Washington Federal
WASH,Washington Trust Bancorp
WFBI,WashingtonFirst Bankshares Inc
WSBF,Waterstone Financial
WAVX,Wave Systems Corp.
WAYN,Wayne Savings Bancshares Inc.
WSTG,Wayside Technology Group
WDFC,WD-40 Company
WWWW,Web.com Group
WBMD,WebMD Health Corp
WEBK,Wellesley Bancorp
WEN,Wendy&#39;s Company (The)
WERN,Werner Enterprises
WSBC,WesBanco
WTBA,West Bancorporation
WSTC,West Corporation
WMAR,West Marine
WABC,Westamerica Bancorporation
WBB,Westbury Bancorp
WSTL,Westell Technologies
WDC,Western Digital Corporation
WFD,Westfield Financial
WLB,Westmoreland Coal Company
WLBPZ,Westmoreland Coal Company
WPRT,Westport Innovations Inc
WEYS,Weyco Group
WHLR,Wheeler Real Estate Investment Trust
WHF,WhiteHorse Finance
WHFBL,WhiteHorse Finance
WFM,Whole Foods Market
WILN,Wi-Lan Inc
WVVI,Willamette Valley Vineyards
WLDN,Willdan Group
WLFC,Willis Lease Finance Corporation
WIBC,Wilshire Bancorp
WIN,Windstream Holdings
WINA,Winmark Corporation
WTFC,Wintrust Financial Corporation
WTFCW,Wintrust Financial Corporation
AGND,WisdomTree Barclays U.S. Aggregate Bond Negative Duration Fund
AGZD,WisdomTree Barclays U.S. Aggregate Bond Zero Duration Fund
HYND,WisdomTree BofA Merrill Lynch High Yield Bond Negative Duratio
HYZD,WisdomTree BofA Merrill Lynch High Yield Bond Zero Duration Fu
CHXF,WisdomTree China Dividend Ex-Financials Fund
EMCG,WisdomTree Emerging Markets Consumer Growth Fund
EMCB,WisdomTree Emerging Markets Corporate Bond Fund
DGRE,WisdomTree Emerging Markets Dividend Growth Fund
DXGE,WisdomTree Germany Hedged Equity Fund
GLCB,WisdomTree Global Corporate Bond Fund
WETF,WisdomTree Investments
DXJS,WisdomTree Japan Hedged SmallCap Equity Fund
JGBB,WisdomTree Japan Interest Rate Strategy Fund
DXKW,WisdomTree Korea Hedged Equity Fund
GULF,WisdomTree Middle East Dividend Fund
DGRW,WisdomTree U.S. Dividend Growth Fund
DGRS,WisdomTree U.S. SmallCap Dividend Growth Fund
DXPS,WisdomTree United Kingdom Hedged Equity Fund
WIX,Wix.com Ltd.
WBKC,Wolverine Bancorp
WWD,Woodward
WRLD,World Acceptance Corporation
XWES,World Energy Solutions Inc (DE)
WPCS,WPCS International Incorporated
WPPGY,WPP plc
WMGI,Wright Medical Group
WMGIZ,Wright Medical Group
WSFS,WSFS Financial Corporation
WSFSL,WSFS Financial Corporation
WSCI,WSI Industries Inc.
WVFC,WVS Financial Corp.
WYNN,Wynn Resorts
XNCR,Xencor
XBKS,Xenith Bankshares
XNPT,XenoPort
XGTI,XG Technology
XGTIW,XG Technology
XLNX,Xilinx
XOMA,XOMA Corporation
XOOM,Xoom Corporation
XPLR,Xplore Technologies Corp
XRSC,XRS Corporation
XTLB,XTL Biopharmaceuticals Ltd.
XRTX,Xyratex Ltd.
YDKN,Yadkin Financial Corporation
YHOO,Yahoo! Inc.
YNDX,Yandex N.V.
YONG,Yongye International
YOD,You On Demand Holdings
YRCW,YRC Worldwide
YY,YY Inc.
ZAGG,ZAGG Inc
ZLCS,Zalicus Inc.
ZAZA,ZaZa Energy Corporation
ZBRA,Zebra Technologies Corporation
ZLTQ,ZELTIQ Aesthetics
ZHNE,Zhone Technologies
Z,Zillow
ZN,Zion Oil & Gas Inc
ZION,Zions Bancorporation
ZIONW,Zions Bancorporation
ZIONZ,Zions Bancorporation
ZIOP,ZIOPHARM Oncology Inc
ZIPR,ZipRealty
ZIXI,Zix Corporation
ZGNX,Zogenix
ZOOM,Zoom Technologies
ZU,zulily
ZUMZ,Zumiez Inc.
ZIGO,Zygo Corporation
ZNGA,Zynga Inc.
